seed,captured,detectStep,capturePhaseStartStep,captureStep,firstFullCoverageStep,finalCoverageRatio,maxCellAge,avgCellAge,meanRevisitInterval,totalSteps,revisitRatio,avgIdleness,maxIdleness,workloadBalance,targetConflictCount
12345,True,11,11,16,-1,0.6699,4016,1327.7570,2.6163,16,0.9583,1327.7570,4016,0.0000,0
12346,True,25,25,34,-1,0.9709,4034,129.0485,4.6612,34,0.9608,129.0485,4034,0.4714,0
12347,True,14,14,26,-1,0.9029,4026,398.8107,3.7950,26,0.9487,398.8107,4026,0.4714,0
12348,True,22,22,31,-1,0.9126,4031,361.7087,4.4736,31,0.9570,361.7087,4031,0.9428,0
12349,True,17,17,25,-1,0.8689,4025,534.9709,3.5356,25,0.9467,534.9709,4025,0.9428,0
12350,True,18,18,23,-1,0.8495,4023,611.9369,3.6419,23,0.9710,611.9369,4023,0.0000,0
12351,True,14,14,29,-1,0.9029,4029,401.4272,4.1249,29,0.9655,401.4272,4029,0.4714,0
12352,True,10,10,19,-1,0.7330,4019,1076.9760,2.9991,19,0.9474,1076.9760,4019,0.4714,0
12353,True,26,26,34,-1,0.9612,4034,168.1262,4.5019,34,0.9706,168.1262,4034,0.4714,0
12354,True,14,14,22,-1,0.8010,4022,805.1650,3.3321,22,0.9394,805.1650,4022,0.9428,0
12355,True,22,22,26,-1,0.9175,4026,339.4514,4.1457,26,0.9744,339.4514,4026,0.0000,0
12356,True,19,19,26,-1,0.8738,4026,515.3690,4.0583,26,0.9744,515.3690,4026,0.0000,0
12357,True,14,14,27,-1,0.8350,4027,672.6165,3.6554,27,0.9630,672.6165,4027,0.4714,0
12358,True,16,16,22,-1,0.8155,4022,747.5388,3.3555,22,0.9394,747.5388,4022,0.9428,0
12359,True,24,24,32,-1,0.9660,4032,147.7864,4.3658,32,0.9583,147.7864,4032,0.9428,0
12360,True,18,18,24,-1,0.8592,4024,573.5534,3.7169,24,0.9444,573.5534,4024,0.9428,0
12361,True,10,10,18,-1,0.7330,4018,1076.2140,3.0524,18,0.9444,1076.2140,4018,0.4714,0
12362,True,22,22,34,-1,0.9660,4034,149.1602,4.6823,34,0.9608,149.1602,4034,0.4714,0
12363,True,44,44,59,41,1.0000,55,16.4903,5.4388,59,0.9831,16.4903,55,0.4714,0
12364,True,23,23,30,-1,0.9709,4030,126.3398,4.8185,30,0.9667,126.3398,4030,0.4714,0
12365,True,17,17,23,-1,0.8592,4023,572.8253,3.6058,23,0.9710,572.8253,4023,0.0000,0
12366,True,16,16,18,-1,0.7670,4018,940.0825,2.9514,18,0.9630,940.0825,4018,0.0000,0
12367,True,27,27,34,-1,0.9709,4034,128.8204,4.6489,34,0.9706,128.8204,4034,0.4714,0
12368,True,11,11,25,-1,0.7573,4025,983.3204,3.6666,25,0.9467,983.3204,4025,0.4714,0
12369,True,26,26,37,-1,0.9757,4037,111.9029,4.7180,37,0.9730,111.9029,4037,0.4714,0
12370,True,12,12,25,-1,0.9078,4025,377.8786,3.9511,25,0.9600,377.8786,4025,0.4714,0
12371,True,18,18,21,-1,0.8058,4021,786.2621,3.4863,21,0.9683,786.2621,4021,0.0000,0
12372,True,28,28,34,-1,0.9709,4034,128.6602,4.6699,34,0.9706,128.6602,4034,0.4714,0
12373,True,24,24,33,-1,0.9660,4033,148.2816,4.4341,33,0.9697,148.2816,4033,0.4714,0
12374,True,20,20,22,-1,0.8107,4022,767.1456,3.5881,22,0.9697,767.1456,4022,0.0000,0
12375,True,10,10,20,-1,0.7330,4020,1077.7090,3.0811,20,0.9333,1077.7090,4020,0.4714,0
12376,True,12,12,25,-1,0.7670,4025,943.8058,3.5413,25,0.9467,943.8058,4025,0.4714,0
12377,True,23,23,25,-1,0.9175,4025,339.3447,4.0727,25,0.9733,339.3447,4025,0.0000,0
12378,True,13,13,26,-1,0.8932,4026,436.3398,3.5661,26,0.9744,436.3398,4026,0.0000,0
12379,True,20,20,22,-1,0.8107,4022,767.1456,3.5881,22,0.9697,767.1456,4022,0.0000,0
12380,True,26,26,37,-1,0.9709,4037,131.5243,4.7636,37,0.9640,131.5243,4037,0.9428,0
12381,True,15,15,19,-1,0.7767,4019,901.7719,3.1014,19,0.9298,901.7719,4019,0.9428,0
12382,True,23,23,33,-1,0.9660,4033,148.5680,4.4626,33,0.9596,148.5680,4033,0.4714,0
12383,True,28,28,42,-1,0.9709,4042,134.4417,5.0989,42,0.9683,134.4417,4042,0.4714,0
12384,True,13,13,19,-1,0.7233,4019,1115.0440,3.1883,19,0.9298,1115.0440,4019,0.9428,0
12385,True,15,15,19,-1,0.7767,4019,901.7719,3.1014,19,0.9298,901.7719,4019,0.9428,0
12386,True,23,23,33,-1,0.9320,4033,284.6456,4.8400,33,0.9596,284.6456,4033,0.4714,0
12387,True,16,16,21,-1,0.8155,4021,747.0291,3.4217,21,0.9683,747.0291,4021,0.0000,0
12388,True,25,25,33,-1,0.9709,4033,128.6311,4.3642,33,0.9697,128.6311,4033,0.4714,0
12389,True,17,17,19,-1,0.7816,4019,882.4321,3.1398,19,0.9649,882.4321,4019,0.0000,0
12390,True,24,24,33,-1,0.9709,4033,129.0097,4.5320,33,0.9596,129.0097,4033,0.9428,0
12391,True,26,26,39,-1,0.9757,4039,113.9757,4.8907,39,0.9829,113.9757,4039,0.0000,0
12392,True,17,17,26,-1,0.8495,4026,613.4612,3.8361,26,0.9744,613.4612,4026,0.0000,0
12393,True,13,13,20,-1,0.7427,4020,1037.4470,3.0127,20,0.9667,1037.4470,4020,0.0000,0
12394,True,26,26,33,-1,0.9709,4033,128.4806,4.5362,33,0.9697,128.4806,4033,0.4714,0
12395,True,25,25,33,-1,0.9612,4033,167.7621,4.3385,33,0.9697,167.7621,4033,0.4714,0
12396,True,25,25,36,-1,0.9757,4036,111.4951,4.6110,36,0.9630,111.4951,4036,0.9428,0
12397,True,14,14,17,-1,0.7427,4017,1036.6120,2.7996,17,0.9608,1036.6120,4017,0.0000,0
12398,True,22,22,31,-1,0.9417,4031,244.0049,4.4677,31,0.9570,244.0049,4031,0.9428,0
12399,True,24,24,38,-1,0.9709,4038,132.5583,4.8165,38,0.9649,132.5583,4038,0.4714,0
12400,True,25,25,31,-1,0.9612,4031,166.5388,4.4139,31,0.9570,166.5388,4031,0.9428,0
12401,True,10,10,21,-1,0.7379,4021,1059.0050,3.1794,21,0.9365,1059.0050,4021,0.9428,0
12402,True,18,18,23,-1,0.8495,4023,611.9369,3.6419,23,0.9710,611.9369,4023,0.0000,0
12403,True,23,23,26,-1,0.9369,4026,261.5583,4.0735,26,0.9744,261.5583,4026,0.0000,0
12404,True,31,31,40,-1,0.9660,4040,150.9515,4.8882,40,0.9750,150.9515,4040,0.4714,0
12405,True,14,14,27,-1,0.9320,4027,282.1165,3.8376,27,0.9630,282.1165,4027,0.4714,0
12406,True,12,12,23,-1,0.8204,4023,727.6456,3.5955,23,0.9420,727.6456,4023,0.9428,0
12407,True,23,23,29,-1,0.9563,4029,185.3107,4.5073,29,0.9770,185.3107,4029,0.0000,0
12408,True,12,12,22,-1,0.7670,4022,941.5049,3.5146,22,0.9394,941.5049,4022,0.9428,0
12409,True,23,23,33,-1,0.9563,4033,187.5388,4.5059,33,0.9596,187.5388,4033,0.4714,0
12410,True,23,23,31,-1,0.9709,4031,127.7282,4.3916,31,0.9570,127.7282,4031,0.9428,0
12411,True,12,12,20,-1,0.7767,4020,901.2524,3.3016,20,0.9667,901.2524,4020,0.0000,0
12412,True,21,21,31,-1,0.9223,4031,322.8350,4.3958,31,0.9677,322.8350,4031,0.4714,0
12413,True,14,14,19,-1,0.7718,4019,920.6359,3.0084,19,0.9649,920.6359,4019,0.0000,0
12414,True,11,11,18,-1,0.7524,4018,997.8010,3.0312,18,0.9259,997.8010,4018,0.9428,0
12415,True,22,22,27,-1,0.9320,4027,281.7184,4.1819,27,0.9753,281.7184,4027,0.0000,0
12416,True,14,14,30,-1,0.8592,4030,575.7087,4.1598,30,0.9556,575.7087,4030,0.4714,0
12417,True,10,10,16,-1,0.6748,4016,1308.6600,2.7174,16,0.9583,1308.6600,4016,0.0000,0
12418,True,18,18,23,-1,0.8495,4023,611.9369,3.6419,23,0.9710,611.9369,4023,0.0000,0
12419,True,14,14,17,-1,0.7524,4017,997.7573,2.7632,17,0.9608,997.7573,4017,0.0000,0
12420,True,25,25,35,-1,0.9660,4035,149.3641,4.6534,35,0.9810,149.3641,4035,0.0000,0
12421,True,11,11,19,-1,0.7330,4019,1076.5440,3.0891,19,0.9298,1076.5440,4019,0.9428,0
12422,True,12,12,19,-1,0.6990,4019,1212.5580,2.8033,19,0.9298,1212.5580,4019,0.9428,0
12423,True,8,8,13,-1,0.6117,4013,1560.3060,2.4017,13,0.9487,1560.3060,4013,0.0000,0
12424,True,23,23,35,-1,0.9709,4035,130.1311,4.7113,35,0.9619,130.1311,4035,0.4714,0
12425,True,12,12,16,-1,0.6602,4016,1366.9270,2.5763,16,0.9167,1366.9270,4016,0.9428,0
12426,True,18,18,25,-1,0.8641,4025,554.6505,3.8739,25,0.9467,554.6505,4025,0.9428,0
12427,True,19,19,20,-1,0.7961,4020,824.6602,3.4227,20,0.9667,824.6602,4020,0.0000,0
12428,True,41,41,57,41,1.0000,53,15.9223,4.9718,57,0.9825,15.9223,53,0.4714,0
12429,True,17,17,20,-1,0.7816,4020,883.0000,3.0351,20,0.9333,883.0000,4020,0.9428,0
12430,True,19,19,20,-1,0.7961,4020,824.6602,3.4227,20,0.9667,824.6602,4020,0.0000,0
12431,True,23,23,26,-1,0.9320,4026,281.0437,4.0409,26,0.9744,281.0437,4026,0.0000,0
12432,True,11,11,17,-1,0.6748,4017,1308.9560,2.8916,17,0.9608,1308.9560,4017,0.0000,0
12433,True,12,12,17,-1,0.6796,4017,1289.4470,2.7425,17,0.9608,1289.4470,4017,0.0000,0
12434,True,18,18,24,-1,0.8592,4024,573.4466,3.7514,24,0.9722,573.4466,4024,0.0000,0
12435,True,38,38,45,-1,0.9806,4045,90.8447,5.0402,45,0.9778,90.8447,4045,0.4714,0
12436,True,23,23,29,-1,0.9563,4029,185.3398,4.5528,29,0.9770,185.3398,4029,0.0000,0
12437,True,18,18,22,-1,0.8204,4022,728.3350,3.5057,22,0.9697,728.3350,4022,0.0000,0
12438,True,18,18,36,-1,0.8641,4036,558.8690,4.8415,36,0.9630,558.8690,4036,0.4714,0
12439,True,21,21,22,-1,0.8204,4022,728.2427,3.4664,22,0.9697,728.2427,4022,0.0000,0
12440,True,12,12,24,-1,0.8252,4024,709.0243,3.6086,24,0.9444,709.0243,4024,0.4714,0
12441,True,12,12,25,-1,0.8010,4025,807.1602,3.5935,25,0.9600,807.1602,4025,0.4714,0
12442,True,26,26,37,-1,0.9757,4037,111.8010,4.6667,37,0.9730,111.8010,4037,0.4714,0
12443,True,24,24,38,-1,0.9709,4038,132.6942,4.8243,38,0.9737,132.6942,4038,0.4714,0
12444,True,24,24,29,-1,0.9417,4029,243.7621,4.5014,29,0.9770,243.7621,4029,0.0000,0
12445,True,17,17,22,-1,0.8301,4022,689.3350,3.3910,22,0.9697,689.3350,4022,0.0000,0
12446,True,21,21,24,-1,0.8495,4024,612.1942,3.7632,24,0.9722,612.1942,4024,0.0000,0
12447,True,18,18,25,-1,0.8301,4025,691.2621,3.8359,25,0.9467,691.2621,4025,0.9428,0
12448,True,24,24,33,-1,0.9660,4033,148.4806,4.3673,33,0.9596,148.4806,4033,0.9428,0
12449,True,14,14,19,-1,0.7767,4019,901.1116,3.0520,19,0.9649,901.1116,4019,0.0000,0
12450,True,10,10,23,-1,0.8350,4023,670.1893,3.4225,23,0.9565,670.1893,4023,0.4714,0
12451,True,25,25,31,-1,0.9612,4031,166.6116,4.4633,31,0.9570,166.6116,4031,0.9428,0
12452,True,23,23,47,-1,0.9757,4047,119.9272,5.4591,47,0.9716,119.9272,4047,0.9428,0
12453,True,19,19,23,-1,0.8107,4023,767.9418,3.6292,23,0.9710,767.9418,4023,0.0000,0
12454,True,10,10,18,-1,0.7184,4018,1134.6510,2.8873,18,0.9630,1134.6510,4018,0.0000,0
12455,True,17,17,21,-1,0.8010,4021,805.6213,3.2196,21,0.9683,805.6213,4021,0.0000,0
12456,True,22,22,37,-1,0.9757,4037,112.3884,4.7408,37,0.9640,112.3884,4037,0.4714,0
12457,True,10,10,16,-1,0.6942,4016,1230.7430,2.6351,16,0.9583,1230.7430,4016,0.0000,0
12458,True,18,18,33,-1,0.9515,4033,207.0485,4.7027,33,0.9596,207.0485,4033,0.9428,0
12459,True,17,17,25,-1,0.8835,4025,476.2816,3.8164,25,0.9733,476.2816,4025,0.0000,0
12460,True,17,17,27,-1,0.8738,4027,516.6505,4.1101,27,0.9506,516.6505,4027,0.9428,0
12461,True,17,17,22,-1,0.8155,4022,747.8593,3.3053,22,0.9394,747.8593,4022,0.9428,0
12462,True,21,21,30,-1,0.8883,4030,457.9709,4.2124,30,0.9667,457.9709,4030,0.4714,0
12463,True,10,10,15,-1,0.6311,4015,1483.5100,2.5749,15,0.9111,1483.5100,4015,0.4714,0
12464,True,15,15,22,-1,0.7913,4022,844.9272,3.4356,22,0.9394,844.9272,4022,0.9428,0
12465,True,23,23,32,-1,0.9563,4032,186.8349,4.4559,32,0.9583,186.8349,4032,0.9428,0
12466,True,26,26,41,-1,0.9709,4041,134.3204,4.9893,41,0.9675,134.3204,4041,0.4714,0
12467,True,11,11,31,-1,0.8301,4031,695.4854,4.6077,31,0.9355,695.4854,4031,1.2472,0
12468,True,16,16,19,-1,0.7816,4019,882.3010,3.1067,19,0.9649,882.3010,4019,0.0000,0
12469,True,17,17,22,-1,0.8155,4022,747.8593,3.3053,22,0.9394,747.8593,4022,0.9428,0
12470,True,26,26,34,-1,0.9709,4034,128.9563,4.6613,34,0.9706,128.9563,4034,0.4714,0
12471,True,17,17,19,-1,0.7816,4019,882.4321,3.1398,19,0.9649,882.4321,4019,0.0000,0
12472,True,25,25,33,-1,0.9709,4033,128.8155,4.4557,33,0.9596,128.8155,4033,0.9428,0
12473,True,13,13,17,-1,0.6990,4017,1211.6410,2.7872,17,0.9608,1211.6410,4017,0.0000,0
12474,True,33,33,44,-1,0.9709,4044,133.1214,5.1971,44,0.9697,133.1214,4044,0.9428,0
12475,True,26,26,37,-1,0.9709,4037,131.4563,4.6971,37,0.9640,131.4563,4037,0.4714,0
12476,True,18,18,21,-1,0.8058,4021,786.2621,3.4863,21,0.9683,786.2621,4021,0.0000,0
12477,True,10,10,23,-1,0.8301,4023,689.6505,3.6994,23,0.9710,689.6505,4023,0.0000,0
12478,True,16,16,20,-1,0.7913,4020,843.9321,3.0808,20,0.9333,843.9321,4020,0.9428,0
12479,True,22,22,28,-1,0.9417,4028,243.3301,4.3620,28,0.9524,243.3301,4028,0.9428,0
12480,True,25,25,34,-1,0.9612,4034,168.2767,4.5975,34,0.9608,168.2767,4034,0.9428,0
12481,True,23,23,27,-1,0.9369,4027,262.2476,4.0615,27,0.9753,262.2476,4027,0.0000,0
12482,True,24,24,36,-1,0.9757,4036,111.6748,4.6200,36,0.9630,111.6748,4036,0.9428,0
12483,True,23,23,26,-1,0.9369,4026,261.5583,4.0735,26,0.9744,261.5583,4026,0.0000,0
12484,True,24,24,34,-1,0.9563,4034,187.9515,4.6392,34,0.9706,187.9515,4034,0.4714,0
12485,True,17,17,21,-1,0.8058,4021,786.1990,3.2989,21,0.9683,786.1990,4021,0.0000,0
12486,True,23,23,30,-1,0.9515,4030,205.1845,4.3689,30,0.9556,205.1845,4030,0.9428,0
12487,True,21,21,25,-1,0.8738,4025,515.1116,3.8780,25,0.9733,515.1116,4025,0.0000,0
12488,True,23,23,32,-1,0.9612,4032,167.2913,4.4191,32,0.9583,167.2913,4032,0.9428,0
12489,True,26,26,35,-1,0.9660,4035,149.2184,4.7897,35,0.9619,149.2184,4035,0.9428,0
12490,True,24,24,26,-1,0.9272,4026,300.6262,4.1239,26,0.9744,300.6262,4026,0.0000,0
12491,True,21,21,24,-1,0.8495,4024,612.1942,3.7632,24,0.9722,612.1942,4024,0.0000,0
12492,True,26,26,32,-1,0.9709,4032,127.9563,4.4882,32,0.9688,127.9563,4032,0.4714,0
12493,True,22,22,26,-1,0.9320,4026,281.0437,4.0409,26,0.9744,281.0437,4026,0.0000,0
12494,True,27,27,39,-1,0.9612,4039,171.5971,4.9956,39,0.9658,171.5971,4039,0.4714,0
12495,True,17,17,18,-1,0.7718,4018,920.7767,2.9933,18,0.9630,920.7767,4018,0.0000,0
12496,True,25,25,35,-1,0.9660,4035,149.3301,4.6324,35,0.9619,149.3301,4035,0.9428,0
12497,True,28,28,40,-1,0.9660,4040,151.4272,5.1581,40,0.9667,151.4272,4040,0.9428,0
12498,True,38,38,61,-1,0.9854,4061,82.0340,5.7292,61,0.9836,82.0340,4061,0.4714,0
12499,True,24,24,26,-1,0.9272,4026,300.6262,4.1239,26,0.9744,300.6262,4026,0.0000,0
12500,True,23,23,26,-1,0.9369,4026,261.5583,4.0735,26,0.9744,261.5583,4026,0.0000,0
12501,True,10,10,17,-1,0.6845,4017,1270.4370,2.9159,17,0.9608,1270.4370,4017,0.0000,0
12502,True,16,16,20,-1,0.7718,4020,921.6747,3.0534,20,0.9667,921.6747,4020,0.0000,0
12503,True,24,24,38,-1,0.9757,4038,113.3058,4.7779,38,0.9649,113.3058,4038,0.4714,0
12504,True,83,83,103,41,1.0000,58,16.6456,4.2559,103,0.9903,16.6456,58,0.4714,0
12505,True,20,20,29,-1,0.9320,4029,282.8544,4.6396,29,0.9770,282.8544,4029,0.0000,0
12506,True,24,24,36,-1,0.9563,4036,188.3010,4.8808,36,0.9630,188.3010,4036,0.4714,0
12507,True,17,17,19,-1,0.7816,4019,882.4321,3.1398,19,0.9649,882.4321,4019,0.0000,0
12508,True,23,23,28,-1,0.9515,4028,204.3107,4.3331,28,0.9524,204.3107,4028,0.9428,0
12509,True,17,17,22,-1,0.8301,4022,689.3350,3.3910,22,0.9697,689.3350,4022,0.0000,0
12510,True,16,16,23,-1,0.8398,4023,650.8058,3.4393,23,0.9420,650.8058,4023,0.9428,0
12511,True,44,44,69,41,1.0000,65,21.4466,5.3922,69,0.9807,21.4466,65,0.4714,0
12512,True,14,14,30,-1,0.8786,4030,497.6747,4.1974,30,0.9556,497.6747,4030,0.4714,0
12513,True,28,28,40,-1,0.9709,4040,133.1359,5.0567,40,0.9750,133.1359,4040,0.4714,0
12514,True,21,21,37,-1,0.8689,4037,541.7767,4.9460,37,0.9640,541.7767,4037,0.9428,0
12515,True,18,18,26,-1,0.8641,4026,555.0437,4.1919,26,0.9487,555.0437,4026,0.9428,0
12516,True,18,18,27,-1,0.8981,4027,419.1311,3.9388,27,0.9506,419.1311,4027,0.9428,0
12517,True,20,20,28,-1,0.8981,4028,419.1359,4.5025,28,0.9524,419.1359,4028,0.9428,0
12518,True,23,23,32,-1,0.9709,4032,128.3155,4.4126,32,0.9583,128.3155,4032,0.9428,0
12519,True,11,11,18,-1,0.7427,4018,1036.7620,2.8789,18,0.9630,1036.7620,4018,0.0000,0
12520,True,23,23,25,-1,0.9175,4025,339.3447,4.0727,25,0.9733,339.3447,4025,0.0000,0
12521,True,26,26,37,-1,0.9709,4037,131.4951,4.8169,37,0.9640,131.4951,4037,0.4714,0
12522,True,23,23,30,-1,0.9660,4030,146.7670,4.4631,30,0.9556,146.7670,4030,0.9428,0
12523,True,18,18,24,-1,0.8592,4024,573.5534,3.7401,24,0.9444,573.5534,4024,0.9428,0
12524,True,23,23,40,-1,0.9709,4040,134.4466,5.0697,40,0.9667,134.4466,4040,0.4714,0
12525,True,15,15,17,-1,0.7573,4017,978.3932,2.8475,17,0.9608,978.3932,4017,0.0000,0
12526,True,17,17,21,-1,0.8010,4021,805.6213,3.2196,21,0.9683,805.6213,4021,0.0000,0
12527,True,14,14,18,-1,0.7621,4018,959.1844,2.9539,18,0.9630,959.1844,4018,0.0000,0
12528,True,11,11,19,-1,0.7330,4019,1076.5100,3.0147,19,0.9474,1076.5100,4019,0.4714,0
12529,True,23,23,33,-1,0.9660,4033,148.3495,4.5189,33,0.9596,148.3495,4033,0.4714,0
12530,True,14,14,30,-1,0.9223,4030,323.8592,4.2693,30,0.9667,323.8592,4030,0.4714,0
12531,True,16,16,19,-1,0.7621,4019,960.3593,2.9014,19,0.9298,960.3593,4019,0.9428,0
12532,True,17,17,26,-1,0.8738,4026,515.9854,3.7774,26,0.9487,515.9854,4026,0.9428,0
12533,True,14,14,24,-1,0.8398,4024,650.6942,3.3595,24,0.9583,650.6942,4024,0.4714,0
12534,True,10,10,19,-1,0.7330,4019,1076.8980,3.0503,19,0.9298,1076.8980,4019,0.9428,0
12535,True,26,26,37,-1,0.9757,4037,111.9660,4.6671,37,0.9730,111.9660,4037,0.4714,0
12536,True,18,18,27,-1,0.9175,4027,340.9223,4.2472,27,0.9753,340.9223,4027,0.0000,0
12537,True,23,23,30,-1,0.9612,4030,166.1116,4.3141,30,0.9556,166.1116,4030,0.9428,0
12538,True,25,25,30,-1,0.9563,4030,185.5583,4.3565,30,0.9556,185.5583,4030,0.9428,0
12539,True,18,18,27,-1,0.8350,4027,672.5194,3.8736,27,0.9506,672.5194,4027,0.9428,0
12540,True,39,39,55,-1,0.9854,4055,76.6893,5.1734,55,0.9818,76.6893,4055,0.4714,0
12541,True,17,17,20,-1,0.7913,4020,843.9854,3.2360,20,0.9667,843.9854,4020,0.0000,0
12542,True,12,12,23,-1,0.8010,4023,805.8544,3.3651,23,0.9565,805.8544,4023,0.4714,0
12543,True,13,13,16,-1,0.6893,4016,1250.1990,2.6929,16,0.9583,1250.1990,4016,0.0000,0
12544,True,23,23,33,-1,0.9709,4033,128.8592,4.4376,33,0.9596,128.8592,4033,0.9428,0
12545,True,18,18,36,-1,0.9612,4036,169.9709,5.0381,36,0.9630,169.9709,4036,0.4714,0
12546,True,26,26,37,-1,0.9709,4037,131.3689,4.8142,37,0.9640,131.3689,4037,0.4714,0
12547,True,11,11,23,-1,0.7476,4023,1020.8590,3.5353,23,0.9420,1020.8590,4023,0.9428,0
12548,True,16,16,23,-1,0.8107,4023,767.7330,3.4942,23,0.9420,767.7330,4023,0.9428,0
12549,True,12,12,24,-1,0.8544,4024,592.1213,3.6465,24,0.9722,592.1213,4024,0.0000,0
12550,True,22,22,25,-1,0.9175,4025,339.3447,4.0727,25,0.9733,339.3447,4025,0.0000,0
12551,True,11,11,22,-1,0.7427,4022,1039.5530,3.2836,22,0.9394,1039.5530,4022,0.4714,0
12552,True,17,17,19,-1,0.7816,4019,882.4321,3.1398,19,0.9649,882.4321,4019,0.0000,0
12553,True,22,22,29,-1,0.9563,4029,185.3252,4.4779,29,0.9540,185.3252,4029,0.9428,0
12554,True,23,23,30,-1,0.9320,4030,282.5971,4.3717,30,0.9667,282.5971,4030,0.4714,0
12555,True,33,33,41,-1,0.9709,4041,130.7087,4.8044,41,0.9756,130.7087,4041,0.4714,0
12556,True,17,17,23,-1,0.8350,4023,670.4612,3.5125,23,0.9420,670.4612,4023,0.9428,0
12557,True,18,18,26,-1,0.8835,4026,476.5631,3.9655,26,0.9744,476.5631,4026,0.0000,0
12558,True,22,22,28,-1,0.9515,4028,204.3107,4.3331,28,0.9524,204.3107,4028,0.9428,0
12559,True,18,18,23,-1,0.8107,4023,767.9418,3.6292,23,0.9710,767.9418,4023,0.0000,0
12560,True,20,20,23,-1,0.8155,4023,748.2767,3.6335,23,0.9710,748.2767,4023,0.0000,0
12561,True,18,18,25,-1,0.8641,4025,554.6505,3.8739,25,0.9467,554.6505,4025,0.9428,0
12562,True,26,26,38,-1,0.9757,4038,112.5485,4.6942,38,0.9737,112.5485,4038,0.4714,0
12563,True,20,20,21,-1,0.7961,4021,825.2767,3.4165,21,0.9683,825.2767,4021,0.0000,0
12564,True,23,23,33,-1,0.9612,4033,167.8932,4.4911,33,0.9596,167.8932,4033,0.4714,0
12565,True,21,21,35,-1,0.9272,4035,306.5874,4.7345,35,0.9714,306.5874,4035,0.4714,0
12566,True,11,11,18,-1,0.7039,4018,1192.7380,2.8383,18,0.9259,1192.7380,4018,0.9428,0
12567,True,11,11,22,-1,0.7913,4022,844.5049,3.4309,22,0.9394,844.5049,4022,0.9428,0
12568,True,18,18,28,-1,0.8786,4028,497.6796,4.4038,28,0.9524,497.6796,4028,0.9428,0
12569,True,22,22,25,-1,0.9175,4025,339.3447,4.0727,25,0.9733,339.3447,4025,0.0000,0
12570,True,22,22,25,-1,0.9175,4025,339.3447,4.0727,25,0.9733,339.3447,4025,0.0000,0
12571,True,17,17,22,-1,0.8155,4022,747.8787,3.3519,22,0.9394,747.8787,4022,0.9428,0
12572,True,10,10,21,-1,0.7621,4021,961.7184,3.1256,21,0.9365,961.7184,4021,0.4714,0
12573,True,26,26,37,-1,0.9757,4037,112.0825,4.7038,37,0.9640,112.0825,4037,0.9428,0
12574,True,22,22,24,-1,0.9029,4024,397.3738,4.0550,24,0.9722,397.3738,4024,0.0000,0
12575,True,22,22,27,-1,0.9320,4027,281.7476,4.2575,27,0.9753,281.7476,4027,0.0000,0
12576,True,11,11,13,-1,0.6359,4013,1462.5630,2.3348,13,0.9487,1462.5630,4013,0.0000,0
12577,True,17,17,21,-1,0.7864,4021,864.2087,3.1654,21,0.9365,864.2087,4021,0.9428,0
12578,True,34,34,42,-1,0.9709,4042,130.7864,4.9640,42,0.9762,130.7864,4042,0.4714,0
12579,True,26,26,33,-1,0.9563,4033,187.1893,4.3724,33,0.9697,187.1893,4033,0.4714,0
12580,True,25,25,27,-1,0.9320,4027,281.7136,4.2292,27,0.9753,281.7136,4027,0.0000,0
12581,True,21,21,38,-1,0.9272,4038,309.1068,4.9356,38,0.9474,309.1068,4038,1.2472,0
12582,True,11,11,24,-1,0.7670,4024,943.5097,3.7507,24,0.9444,943.5097,4024,0.4714,0
12583,True,23,23,38,-1,0.9709,4038,132.7427,4.8530,38,0.9649,132.7427,4038,0.9428,0
12584,True,40,40,68,-1,0.9903,4068,64.8155,5.4466,68,0.9804,64.8155,4068,0.4714,0
12585,True,22,22,26,-1,0.9320,4026,281.0437,4.0409,26,0.9744,281.0437,4026,0.0000,0
12586,True,11,11,24,-1,0.8155,4024,748.2427,3.7379,24,0.9444,748.2427,4024,0.9428,0
12587,True,22,22,26,-1,0.9175,4026,339.6165,4.1127,26,0.9744,339.6165,4026,0.0000,0
12588,True,26,26,37,-1,0.9757,4037,111.6893,4.7000,37,0.9730,111.6893,4037,0.4714,0
12589,True,17,17,19,-1,0.7816,4019,882.4321,3.1398,19,0.9649,882.4321,4019,0.0000,0
12590,True,12,12,18,-1,0.7427,4018,1036.5830,2.9831,18,0.9630,1036.5830,4018,0.0000,0
12591,True,10,10,19,-1,0.7330,4019,1077.1260,3.1080,19,0.9298,1077.1260,4019,0.9428,0
12592,True,24,24,41,-1,0.9515,4041,212.7670,5.0895,41,0.9675,212.7670,4041,0.4714,0
12593,True,26,26,39,-1,0.9709,4039,133.0000,4.9357,39,0.9744,133.0000,4039,0.4714,0
12594,True,23,23,25,-1,0.9175,4025,339.3447,4.0727,25,0.9733,339.3447,4025,0.0000,0
12595,True,11,11,22,-1,0.7184,4022,1137.1600,3.4601,22,0.9394,1137.1600,4022,0.9428,0
12596,True,23,23,37,-1,0.9757,4037,111.6456,4.8178,37,0.9640,111.6456,4037,0.9428,0
12597,True,22,22,32,-1,0.9126,4032,362.8350,4.2637,32,0.9583,362.8350,4032,0.9428,0
12598,True,44,44,62,41,1.0000,58,17.8252,5.8001,62,0.9839,17.8252,58,0.4714,0
12599,True,17,17,25,-1,0.8301,4025,691.0000,3.4531,25,0.9467,691.0000,4025,0.9428,0
12600,True,11,11,19,-1,0.7282,4019,1095.9170,3.3360,19,0.9649,1095.9170,4019,0.0000,0
12601,True,17,17,34,-1,0.9515,4034,208.1505,4.8515,34,0.9706,208.1505,4034,0.4714,0
12602,True,23,23,34,-1,0.9660,4034,148.9029,4.5783,34,0.9608,148.9029,4034,0.9428,0
12603,True,8,8,13,-1,0.5777,4013,1696.6840,2.2988,13,0.8974,1696.6840,4013,0.4714,0
12604,True,10,10,23,-1,0.7476,4023,1021.4950,3.3517,23,0.9420,1021.4950,4023,0.9428,0
12605,True,18,18,21,-1,0.8058,4021,786.2621,3.4863,21,0.9683,786.2621,4021,0.0000,0
12606,True,14,14,19,-1,0.8252,4019,706.4709,3.3639,19,0.9649,706.4709,4019,0.0000,0
12607,True,21,21,22,-1,0.8204,4022,728.2427,3.4664,22,0.9697,728.2427,4022,0.0000,0
12608,True,19,19,23,-1,0.8107,4023,767.7816,3.4933,23,0.9710,767.7816,4023,0.0000,0
12609,True,24,24,35,-1,0.9612,4035,169.3932,4.4718,35,0.9714,169.3932,4035,0.4714,0
12610,True,10,10,20,-1,0.7476,4020,1019.2140,3.2269,20,0.9667,1019.2140,4020,0.0000,0
12611,True,41,41,56,41,1.0000,52,16.0583,4.9268,56,0.9821,16.0583,52,0.4714,0
12612,True,21,21,24,-1,0.8495,4024,612.1942,3.7632,24,0.9722,612.1942,4024,0.0000,0
12613,True,27,27,32,-1,0.9515,4032,204.8204,4.4305,32,0.9688,204.8204,4032,0.4714,0
12614,True,13,13,24,-1,0.8641,4024,552.4466,3.9208,24,0.9444,552.4466,4024,0.9428,0
12615,True,25,25,34,-1,0.9660,4034,148.7427,4.5898,34,0.9608,148.7427,4034,0.4714,0
12616,True,17,17,31,-1,0.8592,4031,576.1747,4.0874,31,0.9677,576.1747,4031,0.4714,0
12617,True,23,23,38,-1,0.9660,4038,152.7961,4.8041,38,0.9737,152.7961,4038,0.4714,0
12618,True,17,17,29,-1,0.9272,4029,302.7767,4.3140,29,0.9540,302.7767,4029,0.9428,0
12619,True,22,22,28,-1,0.9563,4028,184.7427,4.4299,28,0.9762,184.7427,4028,0.0000,0
12620,True,22,22,23,-1,0.8786,4023,494.4126,3.9722,23,0.9710,494.4126,4023,0.0000,0
12621,True,17,17,19,-1,0.7816,4019,882.4321,3.1398,19,0.9649,882.4321,4019,0.0000,0
12622,True,26,26,35,-1,0.9660,4035,149.2233,4.6590,35,0.9619,149.2233,4035,0.9428,0
12623,True,30,30,47,-1,0.9660,4047,156.1748,5.5078,47,0.9716,156.1748,4047,0.9428,0
12624,True,25,25,35,-1,0.9709,4035,129.7233,4.6522,35,0.9714,129.7233,4035,0.4714,0
12625,True,26,26,43,-1,0.9709,4043,135.8252,4.9762,43,0.9845,135.8252,4043,0.0000,0
12626,True,34,34,38,-1,0.9709,4038,128.7039,4.8532,38,0.9737,128.7039,4038,0.4714,0
12627,True,22,22,26,-1,0.9175,4026,339.5097,4.2121,26,0.9744,339.5097,4026,0.0000,0
12628,True,17,17,21,-1,0.8010,4021,805.6213,3.2196,21,0.9683,805.6213,4021,0.0000,0
12629,True,17,17,24,-1,0.8592,4024,573.2913,3.6168,24,0.9444,573.2913,4024,0.9428,0
12630,True,22,22,30,-1,0.9563,4030,185.6651,4.3253,30,0.9556,185.6651,4030,0.9428,0
12631,True,22,22,23,-1,0.8786,4023,494.4126,3.9722,23,0.9710,494.4126,4023,0.0000,0
12632,True,23,23,25,-1,0.9175,4025,339.3447,4.0727,25,0.9733,339.3447,4025,0.0000,0
12633,True,24,24,27,-1,0.9369,4027,262.2864,4.1930,27,0.9753,262.2864,4027,0.0000,0
12634,True,17,17,28,-1,0.9272,4028,302.2816,4.2289,28,0.9524,302.2816,4028,0.9428,0
12635,True,15,15,17,-1,0.7573,4017,978.3932,2.8475,17,0.9608,978.3932,4017,0.0000,0
12636,True,23,23,29,-1,0.9515,4029,204.8058,4.3995,29,0.9540,204.8058,4029,0.9428,0
12637,True,19,19,21,-1,0.8010,4021,805.6844,3.4098,21,0.9683,805.6844,4021,0.0000,0
12638,True,11,11,19,-1,0.7184,4019,1134.9270,3.2857,19,0.9649,1134.9270,4019,0.0000,0
12639,True,14,14,18,-1,0.7621,4018,959.3010,2.9495,18,0.9630,959.3010,4018,0.0000,0
12640,True,18,18,24,-1,0.8592,4024,573.5534,3.6892,24,0.9444,573.5534,4024,0.9428,0
12641,True,10,10,23,-1,0.7573,4023,982.4757,3.5364,23,0.9420,982.4757,4023,0.4714,0
12642,True,77,77,94,41,1.0000,64,19.7961,5.2354,94,0.9858,19.7961,64,0.4714,0
12643,True,21,21,22,-1,0.8204,4022,728.2427,3.4664,22,0.9697,728.2427,4022,0.0000,0
12644,True,11,11,22,-1,0.8010,4022,805.4272,3.4877,22,0.9394,805.4272,4022,0.9428,0
12645,True,18,18,35,-1,0.9757,4035,110.9466,5.0140,35,0.9619,110.9466,4035,0.9428,0
12646,True,11,11,22,-1,0.7476,4022,1020.1170,3.4152,22,0.9394,1020.1170,4022,0.4714,0
12647,True,11,11,26,-1,0.7718,4026,925.3981,4.0148,26,0.9487,925.3981,4026,0.4714,0
12648,True,19,19,22,-1,0.8058,4022,786.7184,3.5610,22,0.9697,786.7184,4022,0.0000,0
12649,True,23,23,33,-1,0.9660,4033,148.3447,4.4386,33,0.9596,148.3447,4033,0.9428,0
12650,True,23,23,38,-1,0.9757,4038,113.2913,4.8344,38,0.9649,113.2913,4038,0.4714,0
12651,True,16,16,28,-1,0.9320,4028,282.2039,3.9772,28,0.9762,282.2039,4028,0.0000,0
12652,True,13,13,24,-1,0.8641,4024,552.4951,3.8477,24,0.9444,552.4951,4024,0.9428,0
12653,True,17,17,25,-1,0.8107,4025,769.1213,3.6329,25,0.9467,769.1213,4025,0.9428,0
12654,True,22,22,29,-1,0.9563,4029,185.3107,4.5073,29,0.9770,185.3107,4029,0.0000,0
12655,True,26,26,39,-1,0.9757,4039,113.6456,4.8694,39,0.9744,113.6456,4039,0.4714,0
12656,True,10,10,20,-1,0.7233,4020,1116.6890,3.1191,20,0.9667,1116.6890,4020,0.0000,0
12657,True,26,26,44,-1,0.9757,4044,116.8010,5.0322,44,0.9773,116.8010,4044,0.4714,0
12658,True,18,18,22,-1,0.8204,4022,728.3350,3.5057,22,0.9697,728.3350,4022,0.0000,0
12659,True,44,44,59,41,1.0000,55,16.7330,5.5260,59,0.9774,16.7330,55,0.4714,0
12660,True,10,10,22,-1,0.8010,4022,805.9854,3.5828,22,0.9697,805.9854,4022,0.0000,0
12661,True,18,18,22,-1,0.8204,4022,728.3350,3.5057,22,0.9697,728.3350,4022,0.0000,0
12662,True,14,14,16,-1,0.7233,4016,1114.1260,2.6463,16,0.9583,1114.1260,4016,0.0000,0
12663,True,20,20,35,-1,0.9563,4035,188.8786,4.8125,35,0.9619,188.8786,4035,0.4714,0
12664,True,22,22,27,-1,0.9223,4027,320.6553,4.1187,27,0.9753,320.6553,4027,0.0000,0
12665,True,22,22,33,-1,0.9223,4033,324.4126,4.4910,33,0.9596,324.4126,4033,0.9428,0
12666,True,14,14,29,-1,0.8447,4029,633.7427,3.9816,29,0.9540,633.7427,4029,0.4714,0
12667,True,25,25,35,-1,0.9563,4035,188.7573,4.5717,35,0.9714,188.7573,4035,0.4714,0
12668,True,18,18,22,-1,0.8204,4022,728.2379,3.5576,22,0.9697,728.2379,4022,0.0000,0
12669,True,18,18,22,-1,0.8204,4022,728.3350,3.5057,22,0.9697,728.3350,4022,0.0000,0
12670,True,25,25,40,-1,0.9612,4040,171.7427,5.0423,40,0.9667,171.7427,4040,0.4714,0
12671,True,25,25,33,-1,0.9660,4033,148.1505,4.4855,33,0.9596,148.1505,4033,0.9428,0
12672,True,16,16,33,-1,0.9417,4033,246.6116,4.6760,33,0.9596,246.6116,4033,0.4714,0
12673,True,18,18,21,-1,0.8058,4021,786.2621,3.4863,21,0.9683,786.2621,4021,0.0000,0
12674,True,20,20,23,-1,0.8155,4023,748.2767,3.6335,23,0.9710,748.2767,4023,0.0000,0
12675,True,15,15,20,-1,0.8058,4020,785.1796,3.4039,20,0.9667,785.1796,4020,0.0000,0
12676,True,18,18,26,-1,0.8883,4026,457.2136,4.0662,26,0.9744,457.2136,4026,0.0000,0
12677,True,19,19,21,-1,0.8010,4021,805.6844,3.4098,21,0.9683,805.6844,4021,0.0000,0
12678,True,23,23,32,-1,0.9709,4032,128.2476,4.4123,32,0.9583,128.2476,4032,0.9428,0
12679,True,22,22,26,-1,0.9369,4026,261.5583,4.0735,26,0.9744,261.5583,4026,0.0000,0
12680,True,22,22,23,-1,0.8786,4023,494.4126,3.9722,23,0.9710,494.4126,4023,0.0000,0
12681,True,22,22,25,-1,0.9175,4025,339.3447,4.0727,25,0.9733,339.3447,4025,0.0000,0
12682,True,17,17,25,-1,0.8447,4025,632.6165,3.5627,25,0.9467,632.6165,4025,0.9428,0
12683,True,17,17,20,-1,0.7913,4020,843.9854,3.2360,20,0.9667,843.9854,4020,0.0000,0
12684,True,18,18,25,-1,0.8738,4025,515.3690,3.9910,25,0.9733,515.3690,4025,0.0000,0
12685,True,12,12,18,-1,0.7136,4018,1153.6070,2.8694,18,0.9259,1153.6070,4018,0.9428,0
12686,True,27,27,38,-1,0.9612,4038,170.8058,4.9632,38,0.9649,170.8058,4038,0.4714,0
12687,True,45,45,64,41,1.0000,53,16.1845,5.2141,64,0.9792,16.1845,53,0.9428,0
12688,True,29,29,34,-1,0.9660,4034,147.2039,4.5309,34,0.9804,147.2039,4034,0.0000,0
12689,True,17,17,21,-1,0.8058,4021,786.1990,3.2989,21,0.9683,786.1990,4021,0.0000,0
12690,True,25,25,34,-1,0.9709,4034,129.0534,4.6612,34,0.9706,129.0534,4034,0.4714,0
12691,True,31,31,38,-1,0.9757,4038,110.4223,4.8013,38,0.9737,110.4223,4038,0.4714,0
12692,True,24,24,36,-1,0.9563,4036,189.5340,4.7925,36,0.9722,189.5340,4036,0.4714,0
12693,True,11,11,22,-1,0.7427,4022,1039.6890,3.3204,22,0.9394,1039.6890,4022,0.9428,0
12694,True,18,18,25,-1,0.8641,4025,554.3593,3.8776,25,0.9733,554.3593,4025,0.0000,0
12695,True,11,11,16,-1,0.6796,4016,1288.7720,2.6296,16,0.9583,1288.7720,4016,0.0000,0
12696,True,21,21,22,-1,0.8204,4022,728.2427,3.4664,22,0.9697,728.2427,4022,0.0000,0
12697,True,28,28,37,-1,0.9709,4037,130.7281,4.9007,37,0.9820,130.7281,4037,0.0000,0
12698,True,17,17,28,-1,0.8544,4028,594.5291,4.0333,28,0.9524,594.5291,4028,0.9428,0
12699,True,17,17,33,-1,0.9563,4033,187.8204,4.6228,33,0.9596,187.8204,4033,0.4714,0
12700,True,26,26,41,-1,0.9709,4041,134.9612,5.0247,41,0.9675,134.9612,4041,0.4714,0
12701,True,22,22,35,-1,0.9660,4035,149.6796,4.6528,35,0.9619,149.6796,4035,0.4714,0
12702,True,10,10,18,-1,0.6553,4018,1388.0870,2.7175,18,0.9259,1388.0870,4018,0.4714,0
12703,True,17,17,25,-1,0.8301,4025,691.1213,3.5580,25,0.9467,691.1213,4025,0.9428,0
12704,True,28,28,40,-1,0.9757,4040,114.0680,4.9374,40,0.9750,114.0680,4040,0.4714,0
12705,True,26,26,32,-1,0.9709,4032,127.9612,4.4723,32,0.9688,127.9612,4032,0.4714,0
12706,True,17,17,28,-1,0.8932,4028,438.9417,4.1179,28,0.9524,438.9417,4028,0.9428,0
12707,True,40,40,61,-1,0.9903,4061,59.3350,5.2807,61,0.9781,59.3350,4061,0.4714,0
12708,True,15,15,23,-1,0.8204,4023,728.7136,3.6452,23,0.9420,728.7136,4023,0.9428,0
12709,True,12,12,24,-1,0.8786,4024,494.4660,3.8884,24,0.9444,494.4660,4024,0.9428,0
12710,True,20,20,28,-1,0.8981,4028,419.3495,4.0908,28,0.9524,419.3495,4028,0.9428,0
12711,True,34,34,44,-1,0.9709,4044,131.3738,4.9708,44,0.9773,131.3738,4044,0.4714,0
12712,True,12,12,24,-1,0.8252,4024,708.8350,3.6923,24,0.9444,708.8350,4024,0.9428,0
12713,True,18,18,22,-1,0.8058,4022,786.8787,3.4687,22,0.9394,786.8787,4022,0.9428,0
12714,True,24,24,31,-1,0.9612,4031,166.6651,4.4470,31,0.9570,166.6651,4031,0.9428,0
12715,True,25,25,35,-1,0.9563,4035,187.7087,4.7686,35,0.9619,187.7087,4035,0.9428,0
12716,True,10,10,17,-1,0.6942,4017,1231.4710,2.9194,17,0.9608,1231.4710,4017,0.0000,0
12717,True,24,24,36,-1,0.9563,4036,189.5631,4.6963,36,0.9630,189.5631,4036,0.4714,0
12718,True,10,10,16,-1,0.6942,4016,1230.7330,2.6866,16,0.9583,1230.7330,4016,0.0000,0
12719,True,22,22,34,-1,0.9709,4034,129.5680,4.5912,34,0.9608,129.5680,4034,0.9428,0
12720,True,24,24,32,-1,0.9612,4032,167.3252,4.3419,32,0.9583,167.3252,4032,0.9428,0
12721,True,34,34,59,-1,0.9757,4059,120.5388,5.8503,59,0.9831,120.5388,4059,0.4714,0
12722,True,26,26,37,-1,0.9709,4037,131.3495,4.7528,37,0.9640,131.3495,4037,0.4714,0
12723,True,23,23,34,-1,0.9563,4034,188.1311,4.6037,34,0.9608,188.1311,4034,0.4714,0
12724,True,23,23,35,-1,0.9757,4035,110.9320,4.5609,35,0.9619,110.9320,4035,0.4714,0
12725,True,39,39,49,-1,0.9854,4049,73.0049,5.0135,49,0.9796,73.0049,4049,0.4714,0
12726,True,10,10,15,-1,0.6796,4015,1288.4170,2.4896,15,0.9556,1288.4170,4015,0.0000,0
12727,True,26,26,38,-1,0.9563,4038,189.7330,5.0784,38,0.9649,189.7330,4038,0.9428,0
12728,True,26,26,36,-1,0.9757,4036,110.9660,4.5961,36,0.9722,110.9660,4036,0.4714,0
12729,True,17,17,29,-1,0.8398,4029,653.3253,4.1724,29,0.9540,653.3253,4029,0.9428,0
12730,True,26,26,34,-1,0.9612,4034,168.1602,4.5893,34,0.9608,168.1602,4034,0.4714,0
12731,True,18,18,23,-1,0.8107,4023,767.9418,3.6292,23,0.9710,767.9418,4023,0.0000,0
12732,True,28,28,34,-1,0.9709,4034,128.6602,4.6699,34,0.9706,128.6602,4034,0.4714,0
12733,True,22,22,25,-1,0.9175,4025,339.3447,4.0727,25,0.9733,339.3447,4025,0.0000,0
12734,True,21,21,22,-1,0.8204,4022,728.2427,3.4664,22,0.9697,728.2427,4022,0.0000,0
12735,True,23,23,25,-1,0.9175,4025,339.3447,4.0727,25,0.9733,339.3447,4025,0.0000,0
12736,True,11,11,19,-1,0.7379,4019,1056.9080,3.1078,19,0.9649,1056.9080,4019,0.0000,0
12737,True,17,17,23,-1,0.8010,4023,806.9223,3.5149,23,0.9420,806.9223,4023,0.9428,0
12738,True,29,29,33,-1,0.9709,4033,127.3835,4.3570,33,0.9697,127.3835,4033,0.4714,0
12739,True,10,10,20,-1,0.6942,4020,1233.5580,3.0976,20,0.9667,1233.5580,4020,0.0000,0
12740,True,10,10,18,-1,0.6893,4018,1251.6750,2.9471,18,0.9630,1251.6750,4018,0.0000,0
12741,True,23,23,31,-1,0.9563,4031,186.2524,4.4754,31,0.9570,186.2524,4031,0.9428,0
12742,True,23,23,32,-1,0.9563,4032,186.9223,4.4868,32,0.9583,186.9223,4032,0.9428,0
12743,True,38,38,59,-1,0.9854,4059,80.7864,5.6625,59,0.9774,80.7864,4059,0.9428,0
12744,True,18,18,23,-1,0.8495,4023,611.9369,3.6419,23,0.9710,611.9369,4023,0.0000,0
12745,True,28,28,37,-1,0.9709,4037,130.8107,4.9034,37,0.9730,130.8107,4037,0.4714,0
12746,True,17,17,22,-1,0.8155,4022,747.7184,3.4470,22,0.9697,747.7184,4022,0.0000,0
12747,True,11,11,22,-1,0.7282,4022,1098.1410,3.2843,22,0.9394,1098.1410,4022,0.4714,0
12748,True,15,15,21,-1,0.8252,4021,707.9466,3.4403,21,0.9683,707.9466,4021,0.0000,0
12749,True,17,17,24,-1,0.8252,4024,709.8593,3.5503,24,0.9444,709.8593,4024,0.9428,0
12750,True,11,11,21,-1,0.7573,4021,980.2913,3.4280,21,0.9365,980.2913,4021,0.9428,0
12751,True,26,26,33,-1,0.9612,4033,167.3641,4.4522,33,0.9697,167.3641,4033,0.4714,0
12752,True,28,28,38,-1,0.9757,4038,112.1068,4.7609,38,0.9737,112.1068,4038,0.4714,0
12753,True,14,14,19,-1,0.7718,4019,920.7330,3.1160,19,0.9649,920.7330,4019,0.0000,0
12754,True,22,22,26,-1,0.9369,4026,261.5583,4.0735,26,0.9744,261.5583,4026,0.0000,0
12755,True,11,11,19,-1,0.7524,4019,998.4709,3.1020,19,0.9298,998.4709,4019,0.9428,0
12756,True,10,10,22,-1,0.7087,4022,1176.6750,3.3374,22,0.9697,1176.6750,4022,0.0000,0
12757,True,24,24,42,-1,0.9709,4042,136.0194,5.2283,42,0.9683,136.0194,4042,0.4714,0
12758,True,23,23,30,-1,0.9563,4030,185.6651,4.3514,30,0.9556,185.6651,4030,0.9428,0
12759,True,23,23,30,-1,0.9175,4030,340.9126,4.1983,30,0.9667,340.9126,4030,0.4714,0
12760,True,23,23,28,-1,0.9515,4028,204.3058,4.3745,28,0.9762,204.3058,4028,0.0000,0
12761,True,23,23,32,-1,0.9563,4032,186.8738,4.5030,32,0.9583,186.8738,4032,0.9428,0
12762,True,22,22,23,-1,0.8786,4023,494.4126,3.9722,23,0.9710,494.4126,4023,0.0000,0
12763,True,12,12,24,-1,0.7670,4024,943.5631,3.2913,24,0.9583,943.5631,4024,0.4714,0
12764,True,17,17,18,-1,0.7718,4018,920.7767,2.9933,18,0.9630,920.7767,4018,0.0000,0
12765,True,27,27,36,-1,0.9709,4036,130.2913,4.7577,36,0.9630,130.2913,4036,0.9428,0
12766,True,23,23,26,-1,0.9369,4026,261.5583,4.0735,26,0.9744,261.5583,4026,0.0000,0
12767,True,23,23,37,-1,0.9757,4037,112.3350,4.7825,37,0.9640,112.3350,4037,0.9428,0
12768,True,16,16,17,-1,0.7524,4017,997.9515,2.8171,17,0.9608,997.9515,4017,0.0000,0
12769,True,20,20,22,-1,0.8107,4022,767.1456,3.5881,22,0.9697,767.1456,4022,0.0000,0
12770,True,22,22,26,-1,0.9175,4026,339.5097,4.2121,26,0.9744,339.5097,4026,0.0000,0
12771,True,17,17,27,-1,0.9078,4027,379.9612,4.1562,27,0.9506,379.9612,4027,0.9428,0
12772,True,24,24,37,-1,0.9660,4037,150.8835,4.9397,37,0.9640,150.8835,4037,0.9428,0
12773,True,23,23,26,-1,0.8932,4026,437.0194,3.9889,26,0.9744,437.0194,4026,0.0000,0
12774,True,23,23,29,-1,0.9563,4029,185.3252,4.4779,29,0.9540,185.3252,4029,0.9428,0
12775,True,25,25,41,-1,0.9757,4041,116.0534,5.0713,41,0.9431,116.0534,4041,1.6997,0
12776,True,16,16,31,-1,0.8786,4031,499.7184,4.2361,31,0.9570,499.7184,4031,0.4714,0
12777,True,11,11,24,-1,0.7670,4024,943.5340,3.8881,24,0.9444,943.5340,4024,0.4714,0
12778,True,17,17,30,-1,0.9078,4030,381.4272,4.2577,30,0.9556,381.4272,4030,0.9428,0
12779,True,21,21,23,-1,0.8301,4023,689.8253,3.7063,23,0.9710,689.8253,4023,0.0000,0
12780,True,12,12,21,-1,0.7864,4021,862.9806,3.4154,21,0.9365,862.9806,4021,0.9428,0
12781,True,40,40,59,-1,0.9903,4059,58.0728,4.9604,59,0.9831,58.0728,4059,0.4714,0
12782,True,11,11,28,-1,0.7864,4028,868.2233,3.9241,28,0.9643,868.2233,4028,0.4714,0
12783,True,22,22,24,-1,0.9029,4024,397.3738,4.0550,24,0.9722,397.3738,4024,0.0000,0
12784,True,18,18,28,-1,0.9126,4028,361.0097,4.2866,28,0.9524,361.0097,4028,0.9428,0
12785,True,17,17,24,-1,0.8204,4024,729.3787,3.5593,24,0.9444,729.3787,4024,0.9428,0
12786,True,18,18,21,-1,0.8058,4021,786.2621,3.4863,21,0.9683,786.2621,4021,0.0000,0
12787,True,10,10,18,-1,0.7087,4018,1173.6650,2.8310,18,0.9259,1173.6650,4018,0.9428,0
12788,True,27,27,36,-1,0.9612,4036,169.1505,4.7739,36,0.9630,169.1505,4036,0.9428,0
12789,True,18,18,24,-1,0.8592,4024,573.5534,3.7483,24,0.9444,573.5534,4024,0.9428,0
12790,True,11,11,18,-1,0.6990,4018,1212.2330,2.9109,18,0.9630,1212.2330,4018,0.0000,0
12791,True,22,22,23,-1,0.8786,4023,494.4126,3.9722,23,0.9710,494.4126,4023,0.0000,0
12792,True,26,26,33,-1,0.9709,4033,128.5728,4.4302,33,0.9697,128.5728,4033,0.4714,0
12793,True,26,26,37,-1,0.9709,4037,131.4175,4.7288,37,0.9640,131.4175,4037,0.4714,0
12794,True,24,24,34,-1,0.9515,4034,207.6262,4.4638,34,0.9706,207.6262,4034,0.4714,0
12795,True,16,16,18,-1,0.7670,4018,940.0825,2.9514,18,0.9630,940.0825,4018,0.0000,0
12796,True,25,25,33,-1,0.9660,4033,148.1699,4.4098,33,0.9596,148.1699,4033,0.9428,0
12797,True,17,17,23,-1,0.8592,4023,572.6990,3.6153,23,0.9710,572.6990,4023,0.0000,0
12798,True,11,11,22,-1,0.7330,4022,1078.5240,3.2981,22,0.9697,1078.5240,4022,0.0000,0
12799,True,17,17,22,-1,0.8301,4022,689.2379,3.4435,22,0.9697,689.2379,4022,0.0000,0
12800,True,23,23,34,-1,0.9709,4034,129.6165,4.6689,34,0.9608,129.6165,4034,0.4714,0
12801,True,17,17,27,-1,0.9029,4027,399.4660,4.1546,27,0.9506,399.4660,4027,0.9428,0
12802,True,17,17,28,-1,0.9272,4028,302.1747,4.2569,28,0.9524,302.1747,4028,0.9428,0
12803,True,19,19,21,-1,0.8010,4021,805.6844,3.4098,21,0.9683,805.6844,4021,0.0000,0
12804,True,25,25,40,-1,0.9563,4040,191.2961,5.0585,40,0.9667,191.2961,4040,0.4714,0
12805,True,14,14,24,-1,0.8155,4024,748.2864,3.4365,24,0.9583,748.2864,4024,0.4714,0
12806,True,25,25,33,-1,0.9660,4033,148.2719,4.3797,33,0.9697,148.2719,4033,0.4714,0
12807,True,20,20,26,-1,0.8932,4026,437.3738,4.3103,26,0.9487,437.3738,4026,0.9428,0
12808,True,17,17,23,-1,0.8252,4023,709.3301,3.5704,23,0.9710,709.3301,4023,0.0000,0
12809,True,26,26,32,-1,0.9709,4032,127.8107,4.4602,32,0.9688,127.8107,4032,0.4714,0
12810,True,22,22,27,-1,0.9223,4027,320.6068,4.2132,27,0.9753,320.6068,4027,0.0000,0
12811,True,10,10,17,-1,0.6893,4017,1250.9470,2.8722,17,0.9608,1250.9470,4017,0.0000,0
12812,True,10,10,19,-1,0.7233,4019,1116.0830,3.0332,19,0.9298,1116.0830,4019,0.9428,0
12813,True,18,18,28,-1,0.9223,4028,321.6990,4.4929,28,0.9762,321.6990,4028,0.0000,0
12814,True,23,23,29,-1,0.9466,4029,224.3058,4.4341,29,0.9540,224.3058,4029,0.9428,0
12815,True,11,11,22,-1,0.7573,4022,981.2136,3.4511,22,0.9394,981.2136,4022,0.9428,0
12816,True,17,17,25,-1,0.8689,4025,534.9660,3.6429,25,0.9467,534.9660,4025,0.9428,0
12817,True,22,22,27,-1,0.9369,4027,262.2476,4.0615,27,0.9753,262.2476,4027,0.0000,0
12818,True,25,25,32,-1,0.9660,4032,147.6699,4.4279,32,0.9583,147.6699,4032,0.9428,0
12819,True,20,20,21,-1,0.7961,4021,825.2767,3.4165,21,0.9683,825.2767,4021,0.0000,0
12820,True,24,24,29,-1,0.9417,4029,243.7621,4.5014,29,0.9770,243.7621,4029,0.0000,0
12821,True,10,10,18,-1,0.7039,4018,1193.1360,3.0498,18,0.9630,1193.1360,4018,0.0000,0
12822,True,24,24,32,-1,0.9660,4032,147.7379,4.3580,32,0.9583,147.7379,4032,0.9428,0
12823,True,24,24,32,-1,0.9563,4032,186.5728,4.2763,32,0.9688,186.5728,4032,0.4714,0
12824,True,19,19,26,-1,0.8252,4026,711.1844,3.9233,26,0.9487,711.1844,4026,0.9428,0
12825,True,11,11,21,-1,0.7621,4021,960.9223,3.2290,21,0.9365,960.9223,4021,0.9428,0
12826,True,18,18,28,-1,0.9029,4028,400.0777,4.2670,28,0.9524,400.0777,4028,0.9428,0
12827,True,25,25,34,-1,0.9660,4034,148.9417,4.5399,34,0.9706,148.9417,4034,0.4714,0
12828,True,26,26,35,-1,0.9612,4035,168.7330,4.7852,35,0.9619,168.7330,4035,0.9428,0
12829,True,10,10,18,-1,0.6845,4018,1271.0630,2.9917,18,0.9630,1271.0630,4018,0.0000,0
12830,True,23,23,30,-1,0.9612,4030,166.1553,4.3651,30,0.9778,166.1553,4030,0.0000,0
12831,True,11,11,18,-1,0.7282,4018,1095.1940,3.0521,18,0.9630,1095.1940,4018,0.0000,0
12832,True,18,18,25,-1,0.8641,4025,554.5291,4.0225,25,0.9733,554.5291,4025,0.0000,0
12833,True,34,34,45,-1,0.9709,4045,132.3398,5.1027,45,0.9778,132.3398,4045,0.4714,0
12834,True,18,18,29,-1,0.9320,4029,282.2184,4.5803,29,0.9770,282.2184,4029,0.0000,0
12835,True,15,15,17,-1,0.7573,4017,978.3932,2.8475,17,0.9608,978.3932,4017,0.0000,0
12836,True,22,22,34,-1,0.9660,4034,149.1359,4.6076,34,0.9608,149.1359,4034,0.4714,0
12837,True,24,24,32,-1,0.9709,4032,128.3786,4.4468,32,0.9583,128.3786,4032,0.9428,0
12838,True,10,10,18,-1,0.7379,4018,1056.7190,3.0685,18,0.9444,1056.7190,4018,0.4714,0
12839,True,28,28,38,-1,0.9757,4038,112.2767,4.7457,38,0.9737,112.2767,4038,0.4714,0
12840,True,18,18,22,-1,0.8204,4022,728.3350,3.5057,22,0.9697,728.3350,4022,0.0000,0
12841,True,38,38,53,-1,0.9806,4053,96.2087,5.4804,53,0.9811,96.2087,4053,0.4714,0
12842,True,8,8,16,-1,0.6650,4016,1348.1510,2.8436,16,0.9583,1348.1510,4016,0.0000,0
12843,True,22,22,26,-1,0.9369,4026,261.5583,4.0735,26,0.9744,261.5583,4026,0.0000,0
12844,True,18,18,23,-1,0.8495,4023,611.9369,3.6419,23,0.9710,611.9369,4023,0.0000,0
12845,True,21,21,23,-1,0.8301,4023,689.8253,3.7063,23,0.9710,689.8253,4023,0.0000,0
12846,True,25,25,36,-1,0.9660,4036,150.2913,4.7261,36,0.9630,150.2913,4036,0.4714,0
12847,True,26,26,37,-1,0.9757,4037,111.9951,4.7085,37,0.9730,111.9951,4037,0.4714,0
12848,True,15,15,30,-1,0.9369,4030,264.6553,4.3645,30,0.9556,264.6553,4030,0.4714,0
12849,True,26,26,36,-1,0.9757,4036,110.9854,4.5490,36,0.9722,110.9854,4036,0.4714,0
12850,True,22,22,27,-1,0.9223,4027,320.6068,4.2132,27,0.9753,320.6068,4027,0.0000,0
12851,True,22,22,27,-1,0.9369,4027,262.2476,4.0615,27,0.9753,262.2476,4027,0.0000,0
12852,True,14,14,16,-1,0.7282,4016,1094.6360,2.6992,16,0.9583,1094.6360,4016,0.0000,0
12853,True,11,11,14,-1,0.6408,4014,1443.6840,2.4354,14,0.9524,1443.6840,4014,0.0000,0
12854,True,15,15,26,-1,0.9272,4026,300.7961,4.1052,26,0.9615,300.7961,4026,0.4714,0
12855,True,11,11,22,-1,0.7524,4022,1000.7720,3.4290,22,0.9394,1000.7720,4022,0.9428,0
12856,True,19,19,22,-1,0.8058,4022,786.6456,3.4578,22,0.9697,786.6456,4022,0.0000,0
12857,True,27,27,36,-1,0.9563,4036,188.0049,4.8715,36,0.9630,188.0049,4036,0.9428,0
12858,True,25,25,38,-1,0.9757,4038,112.8447,4.6845,38,0.9737,112.8447,4038,0.4714,0
12859,True,10,10,25,-1,0.7379,4025,1062.1990,3.5857,25,0.9467,1062.1990,4025,0.4714,0
12860,True,18,18,23,-1,0.8495,4023,611.9369,3.6419,23,0.9710,611.9369,4023,0.0000,0
12861,True,17,17,22,-1,0.8301,4022,689.3350,3.3910,22,0.9697,689.3350,4022,0.0000,0
12862,True,10,10,15,-1,0.6456,4015,1424.8490,2.4096,15,0.9556,1424.8490,4015,0.0000,0
12863,True,24,24,31,-1,0.9709,4031,127.6505,4.3888,31,0.9570,127.6505,4031,0.9428,0
12864,True,23,23,39,-1,0.9417,4039,249.3786,5.0373,39,0.9658,249.3786,4039,0.4714,0
12865,True,26,26,35,-1,0.9757,4035,110.2379,4.6060,35,0.9714,110.2379,4035,0.4714,0
12866,True,14,14,28,-1,0.9029,4028,400.0388,3.9666,28,0.9643,400.0388,4028,0.4714,0
12867,True,16,16,21,-1,0.8058,4021,786.0437,3.2771,21,0.9365,786.0437,4021,0.9428,0
12868,True,18,18,26,-1,0.8641,4026,555.0534,4.0122,26,0.9487,555.0534,4026,0.9428,0
12869,True,10,10,18,-1,0.7379,4018,1056.6410,2.8872,18,0.9630,1056.6410,4018,0.0000,0
12870,True,17,17,31,-1,0.9223,4031,323.3981,4.3143,31,0.9570,323.3981,4031,0.9428,0
12871,True,23,23,29,-1,0.9563,4029,185.3252,4.4779,29,0.9540,185.3252,4029,0.9428,0
12872,True,26,26,34,-1,0.9612,4034,168.2087,4.6032,34,0.9706,168.2087,4034,0.4714,0
12873,True,29,29,37,-1,0.9709,4037,130.3592,4.6741,37,0.9730,130.3592,4037,0.4714,0
12874,True,20,20,27,-1,0.9029,4027,399.0194,4.1580,27,0.9753,399.0194,4027,0.0000,0
12875,True,24,24,33,-1,0.9417,4033,245.5194,4.3532,33,0.9697,245.5194,4033,0.4714,0
12876,True,23,23,30,-1,0.9515,4030,204.9951,4.4276,30,0.9556,204.9951,4030,0.9428,0
12877,True,23,23,26,-1,0.9369,4026,261.5583,4.0735,26,0.9744,261.5583,4026,0.0000,0
12878,True,28,28,35,-1,0.9709,4035,129.3252,4.7976,35,0.9714,129.3252,4035,0.4714,0
12879,True,18,18,23,-1,0.8155,4023,748.6407,3.5629,23,0.9420,748.6407,4023,0.9428,0
12880,True,24,24,34,-1,0.9563,4034,187.8641,4.6224,34,0.9706,187.8641,4034,0.4714,0
12881,True,15,15,22,-1,0.8447,4022,630.5874,3.6132,22,0.9697,630.5874,4022,0.0000,0
12882,True,26,26,35,-1,0.9709,4035,129.8447,4.5720,35,0.9619,129.8447,4035,0.9428,0
12883,True,21,21,22,-1,0.8204,4022,728.2427,3.4664,22,0.9697,728.2427,4022,0.0000,0
12884,True,23,23,33,-1,0.9660,4033,148.4223,4.3807,33,0.9596,148.4223,4033,0.4714,0
12885,True,41,41,72,41,1.0000,68,26.6505,5.6925,72,0.9815,26.6505,68,0.9428,0
12886,True,13,13,27,-1,0.8835,4027,476.9320,3.9784,27,0.9506,476.9320,4027,0.4714,0
12887,True,20,20,32,-1,0.9223,4032,324.1650,4.4244,32,0.9583,324.1650,4032,0.9428,0
12888,True,27,27,38,-1,0.9757,4038,112.7330,4.7902,38,0.9649,112.7330,4038,0.9428,0
12889,True,24,24,37,-1,0.9272,4037,307.3350,4.7715,37,0.9730,307.3350,4037,0.4714,0
12890,True,21,21,29,-1,0.9078,4029,380.6650,4.3501,29,0.9540,380.6650,4029,0.9428,0
12891,True,23,23,30,-1,0.9660,4030,146.7136,4.4072,30,0.9778,146.7136,4030,0.0000,0
12892,True,24,24,35,-1,0.9660,4035,149.7136,4.6995,35,0.9619,149.7136,4035,0.4714,0
12893,True,25,25,33,-1,0.9612,4033,167.7379,4.3044,33,0.9798,167.7379,4033,0.0000,0
12894,True,12,12,24,-1,0.7961,4024,826.0097,3.6441,24,0.9444,826.0097,4024,0.4714,0
12895,True,18,18,24,-1,0.8592,4024,573.5534,3.6892,24,0.9444,573.5534,4024,0.9428,0
12896,True,22,22,36,-1,0.9563,4036,189.9854,4.5617,36,0.9722,189.9854,4036,0.4714,0
12897,True,18,18,31,-1,0.9078,4031,382.0146,4.5725,31,0.9570,382.0146,4031,0.9428,0
12898,True,17,17,21,-1,0.8058,4021,786.1990,3.2989,21,0.9683,786.1990,4021,0.0000,0
12899,True,23,23,32,-1,0.9563,4032,186.8010,4.3987,32,0.9688,186.8010,4032,0.4714,0
12900,True,21,21,22,-1,0.8204,4022,728.2427,3.4664,22,0.9697,728.2427,4022,0.0000,0
12901,True,22,22,24,-1,0.9029,4024,397.3738,4.0550,24,0.9722,397.3738,4024,0.0000,0
12902,True,14,14,26,-1,0.8689,4026,535.4223,3.7966,26,0.9487,535.4223,4026,0.9428,0
12903,True,18,18,26,-1,0.9078,4026,379.1602,4.2145,26,0.9744,379.1602,4026,0.0000,0
12904,True,22,22,23,-1,0.8786,4023,494.4126,3.9722,23,0.9710,494.4126,4023,0.0000,0
12905,True,23,23,38,-1,0.9709,4038,132.8689,4.8826,38,0.9825,132.8689,4038,0.0000,0
12906,True,17,17,30,-1,0.9320,4030,283.2621,4.1325,30,0.9556,283.2621,4030,0.4714,0
12907,True,11,11,26,-1,0.8689,4026,535.7136,3.9270,26,0.9487,535.7136,4026,0.9428,0
12908,True,15,15,23,-1,0.8350,4023,670.3107,3.7550,23,0.9420,670.3107,4023,0.9428,0
12909,True,14,14,17,-1,0.7427,4017,1036.6120,2.7996,17,0.9608,1036.6120,4017,0.0000,0
12910,True,26,26,42,-1,0.9709,4042,135.1651,5.0400,42,0.9683,135.1651,4042,0.9428,0
12911,True,18,18,23,-1,0.8495,4023,611.8058,3.7008,23,0.9710,611.8058,4023,0.0000,0
12912,True,22,22,26,-1,0.9175,4026,339.6165,4.1127,26,0.9744,339.6165,4026,0.0000,0
12913,True,10,10,23,-1,0.7767,4023,904.3301,3.5776,23,0.9710,904.3301,4023,0.0000,0
12914,True,23,23,38,-1,0.9660,4038,152.6262,4.6595,38,0.9649,152.6262,4038,0.4714,0
12915,True,11,11,19,-1,0.7476,4019,1017.9660,3.0937,19,0.9298,1017.9660,4019,0.9428,0
12916,True,18,18,21,-1,0.8058,4021,786.2621,3.4863,21,0.9683,786.2621,4021,0.0000,0
12917,True,25,25,31,-1,0.9660,4031,147.0583,4.4656,31,0.9570,147.0583,4031,0.9428,0
12918,True,11,11,21,-1,0.7670,4021,941.4515,3.1470,21,0.9524,941.4515,4021,0.4714,0
12919,True,18,18,26,-1,0.9078,4026,379.1602,4.2145,26,0.9744,379.1602,4026,0.0000,0
12920,True,22,22,37,-1,0.9709,4037,132.0291,4.7984,37,0.9640,132.0291,4037,0.9428,0
12921,True,15,15,22,-1,0.8301,4022,689.1165,3.5581,22,0.9394,689.1165,4022,0.9428,0
12922,True,24,24,30,-1,0.9466,4030,224.7039,4.3168,30,0.9556,224.7039,4030,0.9428,0
12923,True,24,24,33,-1,0.9660,4033,148.2864,4.3585,33,0.9697,148.2864,4033,0.4714,0
12924,True,10,10,21,-1,0.7330,4021,1078.4470,3.1768,21,0.9365,1078.4470,4021,0.4714,0
12925,True,23,23,32,-1,0.9612,4032,167.1990,4.4550,32,0.9688,167.1990,4032,0.4714,0
12926,True,21,21,32,-1,0.9272,4032,304.2913,4.4708,32,0.9688,304.2913,4032,0.4714,0
12927,True,12,12,28,-1,0.8058,4028,790.0097,4.3058,28,0.9524,790.0097,4028,0.4714,0
12928,True,16,16,23,-1,0.8641,4023,553.1699,3.5333,23,0.9710,553.1699,4023,0.0000,0
12929,True,21,21,22,-1,0.8204,4022,728.2427,3.4664,22,0.9697,728.2427,4022,0.0000,0
12930,True,24,24,29,-1,0.9417,4029,243.7621,4.5014,29,0.9770,243.7621,4029,0.0000,0
12931,True,14,14,18,-1,0.7621,4018,959.1844,2.9539,18,0.9630,959.1844,4018,0.0000,0
12932,True,12,12,18,-1,0.7330,4018,1075.5680,2.9726,18,0.9630,1075.5680,4018,0.0000,0
12933,True,24,24,35,-1,0.9563,4035,188.5680,4.8307,35,0.9619,188.5680,4035,0.9428,0
12934,True,10,10,14,-1,0.6117,4014,1560.5000,2.4356,14,0.9524,1560.5000,4014,0.0000,0
12935,True,17,17,23,-1,0.8107,4023,767.9029,3.4691,23,0.9420,767.9029,4023,0.9428,0
12936,True,27,27,42,-1,0.9612,4042,173.2961,5.1912,42,0.9762,173.2961,4042,0.4714,0
12937,True,17,17,22,-1,0.8155,4022,747.7184,3.4470,22,0.9697,747.7184,4022,0.0000,0
12938,True,26,26,37,-1,0.9660,4037,150.2039,4.8466,37,0.9640,150.2039,4037,0.4714,0
12939,True,18,18,23,-1,0.8495,4023,611.8107,3.6517,23,0.9710,611.8107,4023,0.0000,0
12940,True,18,18,23,-1,0.7961,4023,826.5194,3.5024,23,0.9420,826.5194,4023,0.9428,0
12941,True,12,12,30,-1,0.7621,4030,966.8156,4.1899,30,0.9556,966.8156,4030,0.4714,0
12942,True,22,22,35,-1,0.9320,4035,286.8544,4.6713,35,0.9714,286.8544,4035,0.4714,0
12943,True,24,24,29,-1,0.9417,4029,243.7864,4.4436,29,0.9540,243.7864,4029,0.9428,0
12944,True,18,18,26,-1,0.8786,4026,496.4514,4.0802,26,0.9487,496.4514,4026,0.9428,0
12945,True,24,24,38,-1,0.9709,4038,132.7719,4.8250,38,0.9825,132.7719,4038,0.0000,0
12946,True,17,17,21,-1,0.8058,4021,786.1990,3.2989,21,0.9683,786.1990,4021,0.0000,0
12947,True,28,28,36,-1,0.9660,4036,145.6553,4.6100,36,0.9815,145.6553,4036,0.0000,0
12948,True,26,26,36,-1,0.9709,4036,130.5388,4.6226,36,0.9630,130.5388,4036,0.9428,0
12949,True,16,16,25,-1,0.8252,4025,710.3204,3.8294,25,0.9467,710.3204,4025,0.9428,0
12950,True,22,22,27,-1,0.9417,4027,242.7961,4.1241,27,0.9753,242.7961,4027,0.0000,0
12951,True,12,12,25,-1,0.7767,4025,904.7476,3.7062,25,0.9467,904.7476,4025,0.9428,0
12952,True,18,18,21,-1,0.8058,4021,786.2621,3.4863,21,0.9683,786.2621,4021,0.0000,0
12953,True,17,17,20,-1,0.7816,4020,883.0000,3.0351,20,0.9333,883.0000,4020,0.9428,0
12954,True,17,17,22,-1,0.8301,4022,689.2379,3.4435,22,0.9697,689.2379,4022,0.0000,0
12955,True,25,25,28,-1,0.9417,4028,243.1651,4.3602,28,0.9762,243.1651,4028,0.0000,0
12956,True,13,13,27,-1,0.7961,4027,827.6068,3.9644,27,0.9506,827.6068,4027,0.4714,0
12957,True,16,16,21,-1,0.8058,4021,786.0437,3.2771,21,0.9365,786.0437,4021,0.9428,0
12958,True,15,15,18,-1,0.7816,4018,881.5874,3.0656,18,0.9630,881.5874,4018,0.0000,0
12959,True,17,17,21,-1,0.8058,4021,786.1990,3.2989,21,0.9683,786.1990,4021,0.0000,0
12960,True,25,25,34,-1,0.9660,4034,148.8495,4.5037,34,0.9706,148.8495,4034,0.4714,0
12961,True,11,11,19,-1,0.7330,4019,1076.3840,3.1072,19,0.9649,1076.3840,4019,0.0000,0
12962,True,17,17,22,-1,0.8155,4022,747.8787,3.3519,22,0.9394,747.8787,4022,0.9428,0
12963,True,13,13,19,-1,0.7184,4019,1134.5150,2.9499,19,0.9649,1134.5150,4019,0.0000,0
12964,True,23,23,26,-1,0.9320,4026,281.0437,4.0409,26,0.9744,281.0437,4026,0.0000,0
12965,True,14,14,16,-1,0.7233,4016,1114.1260,2.6463,16,0.9583,1114.1260,4016,0.0000,0
12966,True,23,23,28,-1,0.9563,4028,184.7864,4.4503,28,0.9762,184.7864,4028,0.0000,0
12967,True,17,17,26,-1,0.8155,4026,750.1165,3.7726,26,0.9487,750.1165,4026,0.9428,0
12968,True,10,10,16,-1,0.6845,4016,1269.6990,2.6672,16,0.9583,1269.6990,4016,0.0000,0
12969,True,22,22,24,-1,0.9029,4024,397.3738,4.0550,24,0.9722,397.3738,4024,0.0000,0
12970,True,22,22,23,-1,0.8786,4023,494.4126,3.9722,23,0.9710,494.4126,4023,0.0000,0
12971,True,18,18,28,-1,0.8398,4028,653.2816,4.1232,28,0.9524,653.2816,4028,0.9428,0
12972,True,11,11,27,-1,0.7379,4027,1062.8400,3.7966,27,0.9506,1062.8400,4027,0.4714,0
12973,True,16,16,19,-1,0.7621,4019,960.3593,2.9014,19,0.9298,960.3593,4019,0.9428,0
12974,True,21,21,22,-1,0.8204,4022,728.2427,3.4664,22,0.9697,728.2427,4022,0.0000,0
12975,True,11,11,14,-1,0.6408,4014,1443.6840,2.4354,14,0.9524,1443.6840,4014,0.0000,0
12976,True,18,18,39,-1,0.9757,4039,114.2379,5.3016,39,0.9658,114.2379,4039,0.4714,0
12977,True,24,24,37,-1,0.9612,4037,170.6359,4.8750,37,0.9640,170.6359,4037,0.4714,0
12978,True,12,12,24,-1,0.8544,4024,592.1310,3.8284,24,0.9722,592.1310,4024,0.0000,0
12979,True,12,12,20,-1,0.7379,4020,1057.1840,3.2537,20,0.9667,1057.1840,4020,0.0000,0
12980,True,22,22,25,-1,0.9175,4025,339.3447,4.0727,25,0.9733,339.3447,4025,0.0000,0
12981,True,23,23,25,-1,0.9175,4025,339.3447,4.0727,25,0.9733,339.3447,4025,0.0000,0
12982,True,20,20,28,-1,0.9078,4028,380.0291,4.2450,28,0.9524,380.0291,4028,0.9428,0
12983,True,25,25,35,-1,0.9563,4035,188.3641,4.7194,35,0.9619,188.3641,4035,0.9428,0
12984,True,18,18,23,-1,0.8010,4023,807.0146,3.5064,23,0.9420,807.0146,4023,0.9428,0
12985,True,11,11,20,-1,0.7718,4020,921.2573,3.1662,20,0.9500,921.2573,4020,0.4714,0
12986,True,18,18,22,-1,0.8058,4022,786.6456,3.4578,22,0.9697,786.6456,4022,0.0000,0
12987,True,25,25,32,-1,0.9612,4032,167.1942,4.3813,32,0.9583,167.1942,4032,0.9428,0
12988,True,9,9,15,-1,0.6553,4015,1386.1890,2.7908,15,0.9556,1386.1890,4015,0.0000,0
12989,True,17,17,19,-1,0.7816,4019,882.4321,3.1398,19,0.9649,882.4321,4019,0.0000,0
12990,True,62,62,65,41,1.0000,39,8.5097,4.4712,65,0.9897,8.5097,39,0.0000,0
12991,True,23,23,36,-1,0.9709,4036,130.9854,4.8134,36,0.9630,130.9854,4036,0.9428,0
12992,True,24,24,34,-1,0.9709,4034,129.5680,4.5801,34,0.9608,129.5680,4034,0.9428,0
12993,True,34,34,47,-1,0.9709,4047,134.6214,5.3079,47,0.9787,134.6214,4047,0.4714,0
12994,True,31,31,41,-1,0.9660,4041,152.1262,5.0943,41,0.9675,152.1262,4041,0.9428,0
12995,True,12,12,16,-1,0.6893,4016,1250.0680,2.6465,16,0.9583,1250.0680,4016,0.0000,0
12996,True,23,23,34,-1,0.9660,4034,148.8398,4.6782,34,0.9608,148.8398,4034,0.9428,0
12997,True,12,12,28,-1,0.8398,4028,652.8932,4.3031,28,0.9524,652.8932,4028,0.4714,0
12998,True,14,14,24,-1,0.8058,4024,787.6505,3.3358,24,0.9444,787.6505,4024,0.4714,0
12999,True,11,11,22,-1,0.7621,4022,961.6553,3.5000,22,0.9394,961.6553,4022,0.9428,0
13000,True,13,13,25,-1,0.8301,4025,689.5825,3.8178,25,0.9467,689.5825,4025,0.9428,0
13001,True,26,26,37,-1,0.9709,4037,131.2039,4.8267,37,0.9640,131.2039,4037,0.4714,0
13002,True,11,11,25,-1,0.7767,4025,905.2476,3.9081,25,0.9467,905.2476,4025,0.4714,0
13003,True,16,16,44,-1,0.9369,4044,273.2913,5.5698,44,0.9697,273.2913,4044,0.4714,0
13004,True,17,17,21,-1,0.8058,4021,786.1990,3.2989,21,0.9683,786.1990,4021,0.0000,0
13005,True,11,11,21,-1,0.7524,4021,999.8641,3.2130,21,0.9365,999.8641,4021,0.9428,0
13006,True,22,22,26,-1,0.9369,4026,261.5583,4.0735,26,0.9744,261.5583,4026,0.0000,0
13007,True,13,13,16,-1,0.6893,4016,1250.1990,2.6929,16,0.9583,1250.1990,4016,0.0000,0
13008,True,16,16,24,-1,0.8689,4024,534.2913,3.7005,24,0.9444,534.2913,4024,0.9428,0
13009,True,22,22,26,-1,0.9369,4026,261.5583,4.0735,26,0.9744,261.5583,4026,0.0000,0
13010,True,11,11,23,-1,0.8301,4023,689.3010,3.7003,23,0.9420,689.3010,4023,0.9428,0
13011,True,18,18,21,-1,0.8058,4021,786.2621,3.4863,21,0.9683,786.2621,4021,0.0000,0
13012,True,24,24,34,-1,0.9563,4034,188.0680,4.6780,34,0.9706,188.0680,4034,0.4714,0
13013,True,21,21,37,-1,0.9563,4037,190.0194,5.0678,37,0.9640,190.0194,4037,0.4714,0
13014,True,28,28,41,-1,0.9757,4041,114.6408,5.0121,41,0.9756,114.6408,4041,0.4714,0
13015,True,23,23,32,-1,0.9563,4032,186.8786,4.4678,32,0.9583,186.8786,4032,0.9428,0
13016,True,17,17,23,-1,0.8010,4023,806.8884,3.4918,23,0.9420,806.8884,4023,0.9428,0
13017,True,11,11,26,-1,0.7913,4026,847.4660,4.0537,26,0.9615,847.4660,4026,0.4714,0
13018,True,11,11,24,-1,0.7573,4024,982.4321,3.6944,24,0.9444,982.4321,4024,0.4714,0
13019,True,23,23,32,-1,0.9660,4032,147.8592,4.4148,32,0.9792,147.8592,4032,0.0000,0
13020,True,28,28,39,-1,0.9709,4039,132.3495,5.0111,39,0.9658,132.3495,4039,0.9428,0
13021,True,22,22,25,-1,0.9175,4025,339.3447,4.0727,25,0.9733,339.3447,4025,0.0000,0
13022,True,23,23,33,-1,0.9660,4033,148.3884,4.4017,33,0.9596,148.3884,4033,0.9428,0
13023,True,18,18,22,-1,0.7961,4022,825.8010,3.3392,22,0.9394,825.8010,4022,0.9428,0
13024,True,34,34,41,-1,0.9709,4041,129.9709,5.0114,41,0.9756,129.9709,4041,0.4714,0
13025,True,62,62,64,41,1.0000,41,8.2039,4.5961,64,0.9896,8.2039,41,0.0000,0
13026,True,11,11,28,-1,0.8301,4028,692.8738,4.1618,28,0.9524,692.8738,4028,0.4714,0
13027,True,14,14,22,-1,0.7816,4022,883.0777,3.2050,22,0.9394,883.0777,4022,0.9428,0
13028,True,26,26,37,-1,0.9757,4037,112.0146,4.6666,37,0.9730,112.0146,4037,0.4714,0
13029,True,21,21,23,-1,0.8301,4023,689.8253,3.7063,23,0.9710,689.8253,4023,0.0000,0
13030,True,28,28,40,-1,0.9709,4040,133.5388,4.9364,40,0.9750,133.5388,4040,0.4714,0
13031,True,18,18,23,-1,0.8495,4023,611.9369,3.6419,23,0.9710,611.9369,4023,0.0000,0
13032,True,18,18,25,-1,0.8786,4025,496.0486,3.9680,25,0.9467,496.0486,4025,0.9428,0
13033,True,23,23,38,-1,0.9757,4038,112.8738,5.0337,38,0.9737,112.8738,4038,0.4714,0
13034,True,18,18,23,-1,0.8495,4023,611.9369,3.6419,23,0.9710,611.9369,4023,0.0000,0
13035,True,11,11,22,-1,0.7476,4022,1019.8490,3.2979,22,0.9697,1019.8490,4022,0.0000,0
13036,True,15,15,23,-1,0.8689,4023,533.6262,3.8791,23,0.9710,533.6262,4023,0.0000,0
13037,True,20,20,28,-1,0.9126,4028,360.5486,4.3164,28,0.9762,360.5486,4028,0.0000,0
13038,True,23,23,29,-1,0.9515,4029,204.8058,4.3995,29,0.9540,204.8058,4029,0.9428,0
13039,True,17,17,22,-1,0.8155,4022,747.8787,3.3519,22,0.9394,747.8787,4022,0.9428,0
13040,True,19,19,24,-1,0.8204,4024,729.6407,3.6842,24,0.9444,729.6407,4024,0.9428,0
13041,True,10,10,20,-1,0.7184,4020,1136.1650,3.1003,20,0.9333,1136.1650,4020,0.4714,0
13042,True,26,26,35,-1,0.9709,4035,129.6408,4.6124,35,0.9619,129.6408,4035,0.4714,0
13043,True,11,11,21,-1,0.7573,4021,980.3204,3.2273,21,0.9365,980.3204,4021,0.9428,0
13044,True,24,24,32,-1,0.9612,4032,167.1942,4.4166,32,0.9583,167.1942,4032,0.9428,0
13045,True,16,16,18,-1,0.7670,4018,940.0825,2.9514,18,0.9630,940.0825,4018,0.0000,0
13046,True,23,23,36,-1,0.9757,4036,111.5000,4.6312,36,0.9722,111.5000,4036,0.4714,0
13047,True,17,17,22,-1,0.8301,4022,689.2379,3.4435,22,0.9697,689.2379,4022,0.0000,0
13048,True,23,23,49,-1,0.9612,4049,180.5583,5.6125,49,0.9864,180.5583,4049,0.0000,0
13049,True,21,21,28,-1,0.9175,4028,341.0146,4.2189,28,0.9762,341.0146,4028,0.0000,0
13050,True,19,19,21,-1,0.8010,4021,805.6844,3.4098,21,0.9683,805.6844,4021,0.0000,0
13051,True,21,21,22,-1,0.8204,4022,728.2427,3.4664,22,0.9697,728.2427,4022,0.0000,0
13052,True,18,18,22,-1,0.8204,4022,728.2379,3.5576,22,0.9697,728.2379,4022,0.0000,0
13053,True,19,19,21,-1,0.8010,4021,805.6844,3.4098,21,0.9683,805.6844,4021,0.0000,0
13054,True,17,17,31,-1,0.8592,4031,575.5388,4.0988,31,0.9570,575.5388,4031,0.9428,0
13055,True,15,15,22,-1,0.7913,4022,845.1262,3.4539,22,0.9394,845.1262,4022,0.9428,0
13056,True,17,17,35,-1,0.8981,4035,423.3689,4.4901,35,0.9619,423.3689,4035,0.9428,0
13057,True,28,28,38,-1,0.9757,4038,112.2524,4.7768,38,0.9649,112.2524,4038,0.9428,0
13058,True,17,17,23,-1,0.8252,4023,709.5097,3.4700,23,0.9420,709.5097,4023,0.9428,0
13059,True,12,12,21,-1,0.7476,4021,1018.9370,3.2786,21,0.9365,1018.9370,4021,0.9428,0
13060,True,19,19,28,-1,0.9078,4028,380.1796,4.3081,28,0.9524,380.1796,4028,0.9428,0
13061,True,26,26,38,-1,0.9757,4038,113.0534,4.7814,38,0.9737,113.0534,4038,0.4714,0
13062,True,17,17,26,-1,0.8932,4026,437.9660,3.9081,26,0.9487,437.9660,4026,0.9428,0
13063,True,17,17,21,-1,0.8058,4021,786.1990,3.2989,21,0.9683,786.1990,4021,0.0000,0
13064,True,22,22,24,-1,0.9029,4024,397.3738,4.0550,24,0.9722,397.3738,4024,0.0000,0
13065,True,20,20,26,-1,0.8495,4026,613.2281,4.0002,26,0.9487,613.2281,4026,0.9428,0
13066,True,17,17,21,-1,0.7864,4021,864.2524,3.1631,21,0.9365,864.2524,4021,0.9428,0
13067,True,20,20,21,-1,0.7961,4021,825.2767,3.4165,21,0.9683,825.2767,4021,0.0000,0
13068,True,10,10,16,-1,0.6990,4016,1211.2190,2.6410,16,0.9583,1211.2190,4016,0.0000,0
13069,True,16,16,23,-1,0.8058,4023,787.2621,3.4508,23,0.9420,787.2621,4023,0.9428,0
13070,True,28,28,42,-1,0.9757,4042,114.9854,4.8967,42,0.9762,114.9854,4042,0.4714,0
13071,True,26,26,42,-1,0.9709,4042,135.1553,5.2029,42,0.9683,135.1553,4042,0.4714,0
13072,True,10,10,20,-1,0.7184,4020,1136.1650,2.9699,20,0.9333,1136.1650,4020,0.4714,0
13073,True,21,21,26,-1,0.8301,4026,690.8641,3.7936,26,0.9744,690.8641,4026,0.0000,0
13074,True,11,11,22,-1,0.8301,4022,688.7087,3.5572,22,0.9545,688.7087,4022,0.4714,0
13075,True,15,15,37,-1,0.9417,4037,251.5291,4.8543,37,0.9640,251.5291,4037,0.4714,0
13076,True,23,23,34,-1,0.9660,4034,148.8884,4.5895,34,0.9608,148.8884,4034,0.9428,0
13077,True,20,20,30,-1,0.9175,4030,341.9806,4.4172,30,0.9556,341.9806,4030,0.9428,0
13078,True,22,22,29,-1,0.9029,4029,399.6942,4.6618,29,0.9540,399.6942,4029,0.9428,0
13079,True,10,10,25,-1,0.7670,4025,945.0631,3.9314,25,0.9600,945.0631,4025,0.4714,0
13080,True,14,14,38,-1,0.8981,4038,426.2476,4.9623,38,0.9649,426.2476,4038,0.9428,0
13081,True,11,11,24,-1,0.7476,4024,1021.5100,3.6098,24,0.9444,1021.5100,4024,0.9428,0
13082,True,17,17,29,-1,0.9320,4029,283.0728,4.1881,29,0.9540,283.0728,4029,0.9428,0
13083,True,23,23,36,-1,0.9709,4036,131.0049,4.7497,36,0.9630,131.0049,4036,0.9428,0
13084,True,18,18,22,-1,0.8204,4022,728.2379,3.5576,22,0.9697,728.2379,4022,0.0000,0
13085,True,16,16,20,-1,0.7913,4020,843.9321,3.0808,20,0.9333,843.9321,4020,0.9428,0
13086,True,18,18,20,-1,0.7961,4020,824.6602,3.4227,20,0.9667,824.6602,4020,0.0000,0
13087,True,13,13,16,-1,0.6893,4016,1250.1990,2.6929,16,0.9583,1250.1990,4016,0.0000,0
13088,True,24,24,34,-1,0.9709,4034,129.3252,4.5520,34,0.9608,129.3252,4034,0.4714,0
13089,True,11,11,19,-1,0.7282,4019,1095.9270,2.9155,19,0.9298,1095.9270,4019,0.9428,0
13090,True,28,28,37,-1,0.9757,4037,111.2379,4.6787,37,0.9730,111.2379,4037,0.4714,0
13091,True,11,11,25,-1,0.7524,4025,1002.6310,3.7104,25,0.9467,1002.6310,4025,0.4714,0
13092,True,17,17,19,-1,0.7816,4019,882.4321,3.1398,19,0.9649,882.4321,4019,0.0000,0
13093,True,26,26,33,-1,0.9612,4033,167.6311,4.4605,33,0.9697,167.6311,4033,0.4714,0
13094,True,11,11,23,-1,0.7476,4023,1020.9760,3.6297,23,0.9420,1020.9760,4023,0.9428,0
13095,True,18,18,32,-1,0.9466,4032,226.0243,4.5378,32,0.9792,226.0243,4032,0.0000,0
13096,True,19,19,20,-1,0.7961,4020,824.6602,3.4227,20,0.9667,824.6602,4020,0.0000,0
13097,True,11,11,18,-1,0.6942,4018,1231.7190,2.7688,18,0.9259,1231.7190,4018,0.9428,0
13098,True,23,23,30,-1,0.9515,4030,205.2039,4.4335,30,0.9778,205.2039,4030,0.0000,0
13099,True,14,14,28,-1,0.9029,4028,399.3107,4.0908,28,0.9643,399.3107,4028,0.4714,0
13100,True,22,22,23,-1,0.8786,4023,494.4126,3.9722,23,0.9710,494.4126,4023,0.0000,0
13101,True,23,23,38,-1,0.9709,4038,132.5583,4.9495,38,0.9649,132.5583,4038,0.4714,0
13102,True,23,23,28,-1,0.9515,4028,204.3058,4.3745,28,0.9762,204.3058,4028,0.0000,0
13103,True,18,18,23,-1,0.8495,4023,611.9369,3.6419,23,0.9710,611.9369,4023,0.0000,0
13104,True,13,13,23,-1,0.8738,4023,512.6650,3.8338,23,0.9420,512.6650,4023,0.9428,0
13105,True,18,18,22,-1,0.8204,4022,728.3350,3.5057,22,0.9697,728.3350,4022,0.0000,0
13106,True,10,10,23,-1,0.7427,4023,1041.0680,3.3798,23,0.9420,1041.0680,4023,0.9428,0
13107,True,28,28,34,-1,0.9709,4034,128.7184,4.7954,34,0.9608,128.7184,4034,0.9428,0
13108,True,16,16,27,-1,0.8398,4027,652.6165,4.0206,27,0.9506,652.6165,4027,0.9428,0
13109,True,16,16,35,-1,0.9466,4035,228.7379,4.5434,35,0.9619,228.7379,4035,0.4714,0
13110,True,17,17,22,-1,0.8301,4022,689.3350,3.3910,22,0.9697,689.3350,4022,0.0000,0
13111,True,18,18,26,-1,0.8641,4026,555.0534,4.0122,26,0.9487,555.0534,4026,0.9428,0
13112,True,23,23,31,-1,0.9563,4031,186.2087,4.4340,31,0.9570,186.2087,4031,0.9428,0
13113,True,26,26,34,-1,0.9660,4034,148.6456,4.6196,34,0.9706,148.6456,4034,0.4714,0
13114,True,10,10,29,-1,0.7961,4029,831.0971,4.2822,29,0.9310,831.0971,4029,1.8856,0
13115,True,12,12,26,-1,0.8447,4026,632.0728,3.9916,26,0.9487,632.0728,4026,0.9428,0
13116,True,11,11,18,-1,0.7427,4018,1036.8110,2.9249,18,0.9259,1036.8110,4018,0.9428,0
13117,True,24,24,29,-1,0.9417,4029,243.7621,4.5014,29,0.9770,243.7621,4029,0.0000,0
13118,True,18,18,24,-1,0.8592,4024,573.4466,3.6922,24,0.9722,573.4466,4024,0.0000,0
13119,True,11,11,14,-1,0.6408,4014,1443.6840,2.4354,14,0.9524,1443.6840,4014,0.0000,0
13120,True,16,16,25,-1,0.8835,4025,476.1456,4.0856,25,0.9733,476.1456,4025,0.0000,0
13121,True,23,23,26,-1,0.9369,4026,261.5583,4.0735,26,0.9744,261.5583,4026,0.0000,0
13122,True,14,14,25,-1,0.8010,4025,807.8204,3.5500,25,0.9467,807.8204,4025,0.4714,0
13123,True,18,18,23,-1,0.8495,4023,611.8107,3.6517,23,0.9710,611.8107,4023,0.0000,0
13124,True,19,19,22,-1,0.8010,4022,806.4126,3.4839,22,0.9394,806.4126,4022,0.9428,0
13125,True,16,16,21,-1,0.8155,4021,747.0291,3.4217,21,0.9683,747.0291,4021,0.0000,0
13126,True,26,26,37,-1,0.9757,4037,111.7913,4.7106,37,0.9730,111.7913,4037,0.4714,0
13127,True,11,11,18,-1,0.7427,4018,1036.8060,2.9934,18,0.9259,1036.8060,4018,0.9428,0
13128,True,26,26,36,-1,0.9709,4036,130.6116,4.6957,36,0.9630,130.6116,4036,0.4714,0
13129,True,22,22,23,-1,0.8786,4023,494.4126,3.9722,23,0.9710,494.4126,4023,0.0000,0
13130,True,13,13,21,-1,0.8204,4021,725.7573,3.3053,21,0.9524,725.7573,4021,0.4714,0
13131,True,11,11,26,-1,0.8398,4026,652.6990,3.9901,26,0.9487,652.6990,4026,0.9428,0
13132,True,25,25,37,-1,0.9709,4037,131.4515,4.9073,37,0.9730,131.4515,4037,0.4714,0
13133,True,16,16,22,-1,0.8155,4022,747.5388,3.3555,22,0.9394,747.5388,4022,0.9428,0
13134,True,38,38,47,-1,0.9806,4047,92.2816,5.1262,47,0.9787,92.2816,4047,0.4714,0
13135,True,17,17,21,-1,0.7961,4021,825.2136,3.1497,21,0.9365,825.2136,4021,0.9428,0
13136,True,16,16,24,-1,0.8786,4024,494.9854,3.8457,24,0.9722,494.9854,4024,0.0000,0
13137,True,19,19,34,-1,0.9175,4034,345.3738,4.5729,34,0.9608,345.3738,4034,0.9428,0
13138,True,13,13,30,-1,0.8786,4030,497.6553,3.9863,30,0.9667,497.6553,4030,0.4714,0
13139,True,18,18,22,-1,0.8204,4022,728.3350,3.5057,22,0.9697,728.3350,4022,0.0000,0
13140,True,20,20,30,-1,0.9223,4030,322.5874,4.4746,30,0.9556,322.5874,4030,0.4714,0
13141,True,14,14,19,-1,0.7767,4019,901.2864,3.1279,19,0.9649,901.2864,4019,0.0000,0
13142,True,26,26,34,-1,0.9660,4034,148.5437,4.5545,34,0.9706,148.5437,4034,0.4714,0
13143,True,11,11,25,-1,0.8155,4025,748.9126,3.7933,25,0.9733,748.9126,4025,0.0000,0
13144,True,26,26,34,-1,0.9612,4034,168.1505,4.5250,34,0.9706,168.1505,4034,0.4714,0
13145,True,22,22,27,-1,0.9369,4027,262.2476,4.0615,27,0.9753,262.2476,4027,0.0000,0
13146,True,20,20,23,-1,0.8252,4023,709.2816,3.6823,23,0.9710,709.2816,4023,0.0000,0
13147,True,18,18,24,-1,0.8592,4024,573.4466,3.6922,24,0.9722,573.4466,4024,0.0000,0
13148,True,11,11,27,-1,0.8107,4027,770.1844,4.1002,27,0.9506,770.1844,4027,0.4714,0
13149,True,22,22,26,-1,0.9369,4026,261.5583,4.0735,26,0.9744,261.5583,4026,0.0000,0
13150,True,24,24,31,-1,0.9612,4031,166.6116,4.4633,31,0.9570,166.6116,4031,0.9428,0
13151,True,23,23,36,-1,0.9757,4036,110.9126,4.6487,36,0.9630,110.9126,4036,0.9428,0
13152,True,10,10,19,-1,0.7136,4019,1154.9710,3.1465,19,0.9649,1154.9710,4019,0.0000,0
13153,True,10,10,22,-1,0.7330,4022,1079.2480,3.3640,22,0.9697,1079.2480,4022,0.0000,0
13154,True,24,24,31,-1,0.9612,4031,166.6553,4.3944,31,0.9570,166.6553,4031,0.9428,0
13155,True,15,15,19,-1,0.7767,4019,901.7719,3.1014,19,0.9298,901.7719,4019,0.9428,0
13156,True,17,17,21,-1,0.8058,4021,786.1990,3.2989,21,0.9683,786.1990,4021,0.0000,0
13157,True,23,23,37,-1,0.9660,4037,151.4612,4.6630,37,0.9640,151.4612,4037,0.4714,0
13158,True,15,15,22,-1,0.8301,4022,689.1310,3.5785,22,0.9394,689.1310,4022,0.9428,0
13159,True,25,25,34,-1,0.9563,4034,187.0437,4.7053,34,0.9608,187.0437,4034,0.9428,0
13160,True,14,14,17,-1,0.7524,4017,997.7573,2.7632,17,0.9608,997.7573,4017,0.0000,0
13161,True,25,25,34,-1,0.9709,4034,129.3204,4.6722,34,0.9608,129.3204,4034,0.9428,0
13162,True,11,11,15,-1,0.6359,4015,1463.5530,2.6460,15,0.9556,1463.5530,4015,0.0000,0
13163,True,18,18,21,-1,0.8058,4021,786.2621,3.4863,21,0.9683,786.2621,4021,0.0000,0
13164,True,22,22,24,-1,0.9029,4024,397.3738,4.0550,24,0.9722,397.3738,4024,0.0000,0
13165,True,25,25,35,-1,0.9563,4035,187.8349,4.7675,35,0.9619,187.8349,4035,0.9428,0
13166,True,11,11,26,-1,0.8107,4026,769.5049,3.7838,26,0.9487,769.5049,4026,0.4714,0
13167,True,26,26,37,-1,0.9757,4037,111.7718,4.6802,37,0.9730,111.7718,4037,0.4714,0
13168,True,22,22,29,-1,0.9126,4029,360.6747,4.5905,29,0.9540,360.6747,4029,0.9428,0
13169,True,10,10,22,-1,0.7573,4022,981.7039,3.3019,22,0.9394,981.7039,4022,0.4714,0
13170,True,25,25,40,-1,0.9563,4040,190.9078,5.1463,40,0.9750,190.9078,4040,0.4714,0
13171,True,18,18,21,-1,0.8058,4021,786.2621,3.4863,21,0.9683,786.2621,4021,0.0000,0
13172,True,24,24,31,-1,0.9563,4031,186.1505,4.4099,31,0.9570,186.1505,4031,0.9428,0
13173,True,11,11,20,-1,0.7524,4020,999.0874,3.0605,20,0.9333,999.0874,4020,0.9428,0
13174,True,25,25,31,-1,0.9660,4031,147.0534,4.4256,31,0.9570,147.0534,4031,0.9428,0
13175,True,23,23,32,-1,0.9709,4032,128.5631,4.4004,32,0.9583,128.5631,4032,0.9428,0
13176,True,14,14,18,-1,0.7621,4018,959.1844,2.9539,18,0.9630,959.1844,4018,0.0000,0
13177,True,14,14,23,-1,0.8010,4023,805.4515,3.5206,23,0.9420,805.4515,4023,0.9428,0
13178,True,22,22,24,-1,0.9029,4024,397.3738,4.0550,24,0.9722,397.3738,4024,0.0000,0
13179,True,17,17,23,-1,0.8350,4023,670.4418,3.4564,23,0.9420,670.4418,4023,0.9428,0
13180,True,26,26,38,-1,0.9757,4038,112.9466,4.7592,38,0.9649,112.9466,4038,0.9428,0
13181,True,16,16,23,-1,0.8301,4023,689.8738,3.4527,23,0.9420,689.8738,4023,0.9428,0
13182,True,18,18,22,-1,0.8204,4022,728.3350,3.5057,22,0.9697,728.3350,4022,0.0000,0
13183,True,20,20,35,-1,0.9272,4035,307.0097,4.6744,35,0.9619,307.0097,4035,0.9428,0
13184,True,20,20,27,-1,0.9126,4027,360.0097,4.2127,27,0.9506,360.0097,4027,0.9428,0
13185,True,10,10,23,-1,0.7379,4023,1060.8200,3.1845,23,0.9565,1060.8200,4023,0.4714,0
13186,True,18,18,22,-1,0.8058,4022,786.7184,3.5610,22,0.9697,786.7184,4022,0.0000,0
13187,True,18,18,22,-1,0.8204,4022,728.3350,3.5057,22,0.9697,728.3350,4022,0.0000,0
13188,True,22,22,27,-1,0.9223,4027,320.6068,4.2132,27,0.9753,320.6068,4027,0.0000,0
13189,True,11,11,24,-1,0.7524,4024,1001.9270,3.5313,24,0.9583,1001.9270,4024,0.4714,0
13190,True,18,18,24,-1,0.8592,4024,573.5534,3.6892,24,0.9444,573.5534,4024,0.9428,0
13191,True,21,21,25,-1,0.8738,4025,515.1116,3.8780,25,0.9733,515.1116,4025,0.0000,0
13192,True,23,23,31,-1,0.9563,4031,185.5583,4.5567,31,0.9677,185.5583,4031,0.4714,0
13193,True,17,17,24,-1,0.8252,4024,709.8593,3.5503,24,0.9444,709.8593,4024,0.9428,0
13194,True,11,11,16,-1,0.6845,4016,1269.4420,2.5726,16,0.9167,1269.4420,4016,0.9428,0
13195,True,11,11,25,-1,0.7524,4025,1002.9470,3.5812,25,0.9467,1002.9470,4025,0.4714,0
13196,True,25,25,31,-1,0.9612,4031,166.5388,4.4139,31,0.9570,166.5388,4031,0.9428,0
13197,True,23,23,28,-1,0.9563,4028,184.7427,4.4299,28,0.9762,184.7427,4028,0.0000,0
13198,True,20,20,22,-1,0.8107,4022,767.1456,3.5881,22,0.9697,767.1456,4022,0.0000,0
13199,True,17,17,22,-1,0.8301,4022,689.3350,3.3910,22,0.9697,689.3350,4022,0.0000,0
13200,True,10,10,13,-1,0.6262,4013,1501.5240,2.2718,13,0.9487,1501.5240,4013,0.0000,0
13201,True,23,23,34,-1,0.9563,4034,188.0485,4.7210,34,0.9706,188.0485,4034,0.4714,0
13202,True,13,13,25,-1,0.8350,4025,670.1844,3.6681,25,0.9467,670.1844,4025,0.9428,0
13203,True,19,19,31,-1,0.9175,4031,342.8301,4.2640,31,0.9570,342.8301,4031,0.4714,0
13204,True,21,21,38,-1,0.8883,4038,464.7621,4.9732,38,0.9649,464.7621,4038,0.4714,0
13205,True,15,15,19,-1,0.7961,4019,823.7136,3.2985,19,0.9649,823.7136,4019,0.0000,0
13206,True,24,24,27,-1,0.9369,4027,262.2864,4.1930,27,0.9753,262.2864,4027,0.0000,0
13207,True,22,22,34,-1,0.9126,4034,363.8058,4.4544,34,0.9608,363.8058,4034,0.4714,0
13208,True,10,10,12,-1,0.6165,4012,1539.8790,2.2137,12,0.9444,1539.8790,4012,0.0000,0
13209,True,23,23,32,-1,0.9709,4032,128.5583,4.3971,32,0.9792,128.5583,4032,0.0000,0
13210,True,12,12,19,-1,0.7282,4019,1095.6160,3.0166,19,0.9298,1095.6160,4019,0.9428,0
13211,True,24,24,33,-1,0.9709,4033,129.0243,4.5449,33,0.9596,129.0243,4033,0.9428,0
13212,True,17,17,23,-1,0.8350,4023,670.3253,3.5166,23,0.9710,670.3253,4023,0.0000,0
13213,True,17,17,19,-1,0.7816,4019,882.4321,3.1398,19,0.9649,882.4321,4019,0.0000,0
13214,True,22,22,25,-1,0.9175,4025,339.3447,4.0727,25,0.9733,339.3447,4025,0.0000,0
13215,True,23,23,36,-1,0.9612,4036,169.9612,4.7832,36,0.9630,169.9612,4036,0.4714,0
13216,True,23,23,26,-1,0.9320,4026,281.0437,4.0409,26,0.9744,281.0437,4026,0.0000,0
13217,True,10,10,17,-1,0.6845,4017,1270.5000,2.8231,17,0.9608,1270.5000,4017,0.0000,0
13218,True,12,12,31,-1,0.8592,4031,577.6650,4.1216,31,0.9570,577.6650,4031,0.9428,0
13219,True,20,20,21,-1,0.7961,4021,825.2767,3.4165,21,0.9683,825.2767,4021,0.0000,0
13220,True,22,22,30,-1,0.9272,4030,302.4612,4.4227,30,0.9778,302.4612,4030,0.0000,0
13221,True,29,29,40,-1,0.9709,4040,132.8495,4.8553,40,0.9667,132.8495,4040,0.4714,0
13222,True,17,17,31,-1,0.9126,4031,362.1408,4.1911,31,0.9570,362.1408,4031,0.9428,0
13223,True,12,12,22,-1,0.7816,4022,883.0485,3.4570,22,0.9394,883.0485,4022,0.9428,0
13224,True,20,20,23,-1,0.8155,4023,748.2767,3.6335,23,0.9710,748.2767,4023,0.0000,0
13225,True,17,17,25,-1,0.8689,4025,535.0631,3.7072,25,0.9467,535.0631,4025,0.9428,0
13226,True,26,26,35,-1,0.9709,4035,129.8349,4.5679,35,0.9619,129.8349,4035,0.9428,0
13227,True,11,11,19,-1,0.7184,4019,1134.9270,3.2715,19,0.9649,1134.9270,4019,0.0000,0
13228,True,27,27,38,-1,0.9563,4038,189.6942,4.9820,38,0.9649,189.6942,4038,0.4714,0
13229,True,16,16,21,-1,0.8155,4021,747.0291,3.4217,21,0.9683,747.0291,4021,0.0000,0
13230,True,23,23,26,-1,0.9369,4026,261.5583,4.0735,26,0.9744,261.5583,4026,0.0000,0
13231,True,15,15,20,-1,0.7767,4020,902.2864,3.1958,20,0.9333,902.2864,4020,0.9428,0
13232,True,14,14,17,-1,0.7427,4017,1036.6120,2.7996,17,0.9608,1036.6120,4017,0.0000,0
13233,True,10,10,19,-1,0.7087,4019,1174.3880,3.1718,19,0.9649,1174.3880,4019,0.0000,0
13234,True,10,10,32,-1,0.7476,4032,1028.2520,4.0951,32,0.9583,1028.2520,4032,0.4714,0
13235,True,22,22,23,-1,0.8786,4023,494.4126,3.9722,23,0.9710,494.4126,4023,0.0000,0
13236,True,15,15,20,-1,0.7767,4020,902.2864,3.1958,20,0.9333,902.2864,4020,0.9428,0
13237,True,41,41,52,41,1.0000,48,13.7961,4.7935,52,0.9808,13.7961,48,0.4714,0
13238,True,11,11,22,-1,0.7476,4022,1020.1460,3.4262,22,0.9394,1020.1460,4022,0.9428,0
13239,True,17,17,21,-1,0.8058,4021,786.1990,3.2989,21,0.9683,786.1990,4021,0.0000,0
13240,True,10,10,20,-1,0.6990,4020,1214.2090,3.1934,20,0.9333,1214.2090,4020,0.9428,0
13241,True,10,10,16,-1,0.6796,4016,1289.2040,2.6372,16,0.9583,1289.2040,4016,0.0000,0
13242,True,23,23,30,-1,0.9660,4030,146.7670,4.4631,30,0.9556,146.7670,4030,0.9428,0
13243,True,23,23,33,-1,0.9709,4033,128.8592,4.5583,33,0.9596,128.8592,4033,0.9428,0
13244,True,10,10,16,-1,0.6845,4016,1269.7090,2.6797,16,0.9583,1269.7090,4016,0.0000,0
13245,True,23,23,26,-1,0.9369,4026,261.5583,4.0735,26,0.9744,261.5583,4026,0.0000,0
13246,True,17,17,21,-1,0.8058,4021,786.1990,3.2989,21,0.9683,786.1990,4021,0.0000,0
13247,True,22,22,24,-1,0.9029,4024,397.3738,4.0550,24,0.9722,397.3738,4024,0.0000,0
13248,True,19,19,20,-1,0.7961,4020,824.6602,3.4227,20,0.9667,824.6602,4020,0.0000,0
13249,True,17,17,27,-1,0.8932,4027,438.5291,4.1230,27,0.9506,438.5291,4027,0.9428,0
13250,True,14,14,18,-1,0.7670,4018,939.8301,2.9469,18,0.9630,939.8301,4018,0.0000,0
13251,True,20,20,30,-1,0.9175,4030,342.0340,4.3276,30,0.9556,342.0340,4030,0.9428,0
13252,True,18,18,26,-1,0.8883,4026,457.3592,4.1083,26,0.9744,457.3592,4026,0.0000,0
13253,True,14,14,23,-1,0.8398,4023,650.6699,3.7143,23,0.9420,650.6699,4023,0.9428,0
13254,True,10,10,21,-1,0.7136,4021,1156.4320,3.2955,21,0.9365,1156.4320,4021,0.9428,0
13255,True,18,18,34,-1,0.9515,4034,207.7524,4.7284,34,0.9608,207.7524,4034,0.4714,0
13256,True,12,12,18,-1,0.7136,4018,1153.6070,2.8694,18,0.9259,1153.6070,4018,0.9428,0
13257,True,11,11,27,-1,0.8350,4027,672.5291,4.2205,27,0.9506,672.5291,4027,0.9428,0
13258,True,18,18,26,-1,0.9078,4026,379.1602,4.2145,26,0.9744,379.1602,4026,0.0000,0
13259,True,25,25,32,-1,0.9660,4032,147.6359,4.3754,32,0.9583,147.6359,4032,0.9428,0
13260,True,18,18,21,-1,0.8058,4021,786.2621,3.4863,21,0.9683,786.2621,4021,0.0000,0
13261,True,17,17,26,-1,0.9029,4026,398.8981,3.9080,26,0.9487,398.8981,4026,0.9428,0
13262,True,29,29,38,-1,0.9757,4038,111.3398,4.7451,38,0.9737,111.3398,4038,0.4714,0
13263,True,17,17,22,-1,0.8155,4022,747.8787,3.3519,22,0.9394,747.8787,4022,0.9428,0
13264,True,19,19,22,-1,0.8058,4022,786.6456,3.4578,22,0.9697,786.6456,4022,0.0000,0
13265,True,12,12,22,-1,0.7330,4022,1078.2090,3.2740,22,0.9394,1078.2090,4022,0.9428,0
13266,True,20,20,26,-1,0.8689,4026,535.2281,3.8868,26,0.9487,535.2281,4026,0.9428,0
13267,True,22,22,33,-1,0.9660,4033,148.6116,4.4227,33,0.9596,148.6116,4033,0.4714,0
13268,True,18,18,27,-1,0.8350,4027,672.2476,3.9068,27,0.9506,672.2476,4027,0.9428,0
13269,True,19,19,21,-1,0.8010,4021,805.6844,3.4098,21,0.9683,805.6844,4021,0.0000,0
13270,True,29,29,37,-1,0.9757,4037,110.5049,4.6724,37,0.9730,110.5049,4037,0.4714,0
13271,True,11,11,19,-1,0.7524,4019,998.5000,3.0174,19,0.9298,998.5000,4019,0.9428,0
13272,True,16,16,22,-1,0.8155,4022,747.5582,3.4012,22,0.9394,747.5582,4022,0.9428,0
13273,True,17,17,29,-1,0.9417,4029,243.5146,4.3321,29,0.9770,243.5146,4029,0.0000,0
13274,True,18,18,32,-1,0.9563,4032,186.8495,4.5450,32,0.9688,186.8495,4032,0.4714,0
13275,True,23,23,34,-1,0.9660,4034,148.8592,4.7657,34,0.9608,148.8592,4034,0.9428,0
13276,True,18,18,36,-1,0.9563,4036,189.3252,4.8482,36,0.9630,189.3252,4036,0.4714,0
13277,True,16,16,21,-1,0.7961,4021,825.0388,3.2933,21,0.9365,825.0388,4021,0.9428,0
13278,True,14,14,31,-1,0.9029,4031,402.5680,4.1808,31,0.9677,402.5680,4031,0.4714,0
13279,True,10,10,21,-1,0.7184,4021,1136.9560,3.1368,21,0.9683,1136.9560,4021,0.0000,0
13280,True,17,17,22,-1,0.8155,4022,747.7184,3.4470,22,0.9697,747.7184,4022,0.0000,0
13281,True,23,23,28,-1,0.9563,4028,184.7427,4.4299,28,0.9762,184.7427,4028,0.0000,0
13282,True,17,17,23,-1,0.8010,4023,806.8787,3.4575,23,0.9420,806.8787,4023,0.9428,0
13283,True,28,28,39,-1,0.9757,4039,113.1796,4.8941,39,0.9658,113.1796,4039,0.4714,0
13284,True,18,18,22,-1,0.8204,4022,728.3350,3.5057,22,0.9697,728.3350,4022,0.0000,0
13285,True,24,24,33,-1,0.9563,4033,187.3641,4.4063,33,0.9697,187.3641,4033,0.4714,0
13286,True,22,22,26,-1,0.9369,4026,261.5583,4.0735,26,0.9744,261.5583,4026,0.0000,0
13287,True,17,17,25,-1,0.8252,4025,710.4563,3.5291,25,0.9467,710.4563,4025,0.9428,0
13288,True,29,29,33,-1,0.9709,4033,127.3835,4.3570,33,0.9697,127.3835,4033,0.4714,0
13289,True,11,11,20,-1,0.7427,4020,1038.0490,3.1639,20,0.9333,1038.0490,4020,0.9428,0
13290,True,13,13,29,-1,0.8932,4029,439.2719,4.1218,29,0.9540,439.2719,4029,0.4714,0
13291,True,26,26,32,-1,0.9709,4032,127.9612,4.4723,32,0.9688,127.9612,4032,0.4714,0
13292,True,17,17,22,-1,0.8301,4022,689.3350,3.3910,22,0.9697,689.3350,4022,0.0000,0
13293,True,32,32,39,-1,0.9660,4039,149.8544,4.9339,39,0.9744,149.8544,4039,0.4714,0
13294,True,28,28,48,-1,0.9757,4048,120.7767,5.7231,48,0.9722,120.7767,4048,0.9428,0
13295,True,22,22,25,-1,0.9175,4025,339.3447,4.0727,25,0.9733,339.3447,4025,0.0000,0
13296,True,25,25,37,-1,0.9563,4037,190.0243,4.7893,37,0.9640,190.0243,4037,0.9428,0
13297,True,20,20,30,-1,0.8883,4030,459.3544,4.1153,30,0.9667,459.3544,4030,0.4714,0
13298,True,10,10,20,-1,0.7136,4020,1155.7190,3.0737,20,0.9667,1155.7190,4020,0.0000,0
13299,True,23,23,27,-1,0.9369,4027,262.2476,4.0615,27,0.9753,262.2476,4027,0.0000,0
13300,True,19,19,21,-1,0.8010,4021,805.6844,3.4098,21,0.9683,805.6844,4021,0.0000,0
13301,True,14,14,33,-1,0.9466,4033,228.2816,4.4700,33,0.9596,228.2816,4033,0.4714,0
13302,True,38,38,53,-1,0.9806,4053,96.3544,5.4366,53,0.9748,96.3544,4053,0.9428,0
13303,True,18,18,30,-1,0.9369,4030,264.3495,4.6853,30,0.9556,264.3495,4030,0.9428,0
13304,True,21,21,22,-1,0.8204,4022,728.2427,3.4664,22,0.9697,728.2427,4022,0.0000,0
13305,True,18,18,21,-1,0.8058,4021,786.2621,3.4863,21,0.9683,786.2621,4021,0.0000,0
13306,True,12,12,18,-1,0.7039,4018,1192.5680,2.8286,18,0.9259,1192.5680,4018,0.9428,0
13307,True,17,17,24,-1,0.8592,4024,573.2913,3.5660,24,0.9444,573.2913,4024,0.9428,0
13308,True,11,11,19,-1,0.7039,4019,1193.5580,3.0086,19,0.9298,1193.5580,4019,0.9428,0
13309,True,11,11,37,-1,0.8301,4037,699.6844,4.6658,37,0.9730,699.6844,4037,0.4714,0
13310,True,22,22,35,-1,0.8932,4035,442.2573,4.5113,35,0.9810,442.2573,4035,0.0000,0
13311,True,17,17,18,-1,0.7718,4018,920.7767,2.9933,18,0.9630,920.7767,4018,0.0000,0
13312,True,22,22,23,-1,0.8786,4023,494.4126,3.9722,23,0.9710,494.4126,4023,0.0000,0
13313,True,25,25,32,-1,0.9563,4032,186.7087,4.3348,32,0.9583,186.7087,4032,0.9428,0
13314,True,14,14,23,-1,0.7961,4023,824.9175,3.5119,23,0.9420,824.9175,4023,0.9428,0
13315,True,16,16,20,-1,0.7913,4020,843.9321,3.0808,20,0.9333,843.9321,4020,0.9428,0
13316,True,18,18,22,-1,0.8204,4022,728.2379,3.5576,22,0.9697,728.2379,4022,0.0000,0
13317,True,23,23,33,-1,0.9515,4033,207.0485,4.3702,33,0.9596,207.0485,4033,0.9428,0
13318,True,18,18,23,-1,0.8252,4023,709.4369,3.5534,23,0.9710,709.4369,4023,0.0000,0
13319,True,19,19,23,-1,0.8155,4023,748.4418,3.6070,23,0.9710,748.4418,4023,0.0000,0
13320,True,28,28,38,-1,0.9709,4038,131.5583,4.8058,38,0.9737,131.5583,4038,0.4714,0
13321,True,11,11,22,-1,0.7621,4022,961.5097,3.3337,22,0.9394,961.5097,4022,0.9428,0
13322,True,23,23,32,-1,0.9563,4032,186.9466,4.4317,32,0.9792,186.9466,4032,0.0000,0
13323,True,18,18,26,-1,0.8883,4026,457.2136,4.0662,26,0.9744,457.2136,4026,0.0000,0
13324,True,12,12,29,-1,0.9029,4029,400.1408,4.2748,29,0.9540,400.1408,4029,0.4714,0
13325,True,28,28,36,-1,0.9660,4036,147.8981,4.6114,36,0.9815,147.8981,4036,0.0000,0
13326,True,18,18,26,-1,0.8252,4026,711.1844,3.9233,26,0.9487,711.1844,4026,0.9428,0
13327,True,25,25,34,-1,0.9612,4034,168.2913,4.5107,34,0.9608,168.2913,4034,0.4714,0
13328,True,14,14,18,-1,0.7621,4018,959.1844,2.9539,18,0.9630,959.1844,4018,0.0000,0
13329,True,22,22,23,-1,0.8786,4023,494.4126,3.9722,23,0.9710,494.4126,4023,0.0000,0
13330,True,11,11,21,-1,0.7767,4021,902.3301,3.2694,21,0.9365,902.3301,4021,0.9428,0
13331,True,15,15,26,-1,0.8350,4026,671.5485,3.9760,26,0.9487,671.5485,4026,0.9428,0
13332,True,41,41,56,41,1.0000,52,16.5194,4.9531,56,0.9821,16.5194,52,0.4714,0
13333,True,22,22,33,-1,0.9709,4033,128.8447,4.4683,33,0.9596,128.8447,4033,0.9428,0
13334,True,20,20,31,-1,0.9272,4031,303.7087,4.3749,31,0.9570,303.7087,4031,0.9428,0
13335,True,23,23,32,-1,0.9660,4032,148.0000,4.3514,32,0.9583,148.0000,4032,0.9428,0
13336,True,8,8,24,-1,0.7282,4024,1100.8840,3.7387,24,0.9444,1100.8840,4024,0.4714,0
13337,True,14,14,22,-1,0.7379,4022,1058.4420,2.9599,22,0.9394,1058.4420,4022,0.9428,0
13338,True,23,23,32,-1,0.9563,4032,186.7961,4.4930,32,0.9583,186.7961,4032,0.9428,0
13339,True,26,26,33,-1,0.9660,4033,148.0874,4.4235,33,0.9697,148.0874,4033,0.4714,0
13340,True,11,11,28,-1,0.8738,4028,516.6165,4.4979,28,0.9524,516.6165,4028,0.4714,0
13341,True,22,22,23,-1,0.8786,4023,494.4126,3.9722,23,0.9710,494.4126,4023,0.0000,0
13342,True,18,18,21,-1,0.8058,4021,786.2621,3.4863,21,0.9683,786.2621,4021,0.0000,0
13343,True,22,22,33,-1,0.9660,4033,148.6651,4.4669,33,0.9596,148.6651,4033,0.9428,0
13344,True,11,11,22,-1,0.7573,4022,981.2524,3.4251,22,0.9394,981.2524,4022,0.4714,0
