simMode,seed,firstFullCoverageStep,finalCoverageRatio,maxCellAge,avgCellAge,meanRevisitInterval,totalSteps,revisitRatio,workloadBalance,targetConflictCount
PatrolOnly,12345,46,1.0000,59,8.9029,5.1737,100,0.9900,0.0000,0
PatrolOnly,12346,35,1.0000,39,7.4078,5.4551,100,0.9900,0.0000,0
PatrolOnly,12347,37,1.0000,29,7.1214,4.8025,100,0.9933,0.0000,0
PatrolOnly,12348,40,1.0000,35,9.2379,4.6351,100,0.9900,0.0000,0
PatrolOnly,12349,65,1.0000,40,12.8835,5.3054,100,0.9900,0.0000,0
PatrolOnly,12350,58,1.0000,33,9.3058,5.1554,100,0.9933,0.0000,0
PatrolOnly,12351,83,1.0000,36,13.1796,5.1521,100,0.9900,0.0000,0
PatrolOnly,12352,38,1.0000,30,9.8398,4.7229,100,0.9900,0.0000,0
PatrolOnly,12353,62,1.0000,31,7.3495,4.6751,100,0.9900,0.0000,0
PatrolOnly,12354,40,1.0000,40,9.5000,4.9353,100,0.9900,0.0000,0
PatrolOnly,12355,60,1.0000,35,8.4126,5.6590,100,0.9933,0.0000,0
PatrolOnly,12356,44,1.0000,33,9.7524,4.9728,100,0.9900,0.0000,0
PatrolOnly,12357,39,1.0000,64,8.2718,5.1784,100,0.9900,0.0000,0
PatrolOnly,12358,59,1.0000,71,8.9029,5.7985,100,0.9933,0.0000,0
PatrolOnly,12359,46,1.0000,54,8.0049,4.8660,100,0.9900,0.0000,0
PatrolOnly,12360,44,1.0000,37,9.1214,5.0764,100,0.9933,0.0000,0
PatrolOnly,12361,39,1.0000,75,8.3932,5.3767,100,0.9900,0.0000,0
PatrolOnly,12362,39,1.0000,35,8.4709,4.7069,100,0.9900,0.0000,0
PatrolOnly,12363,49,1.0000,33,7.5243,5.2106,100,0.9933,0.0000,0
PatrolOnly,12364,71,1.0000,81,11.0049,5.5151,100,0.9933,0.0000,0
PatrolOnly,12365,30,1.0000,30,7.2330,4.3169,100,0.9900,0.0000,0
PatrolOnly,12366,44,1.0000,34,8.6214,5.4946,100,0.9900,0.0000,0
PatrolOnly,12367,51,1.0000,49,8.0291,4.9535,100,0.9900,0.0000,0
PatrolOnly,12368,45,1.0000,60,7.6650,4.8507,100,0.9900,0.0000,0
PatrolOnly,12369,57,1.0000,30,8.6117,4.6042,100,0.9900,0.0000,0
PatrolOnly,12370,49,1.0000,60,10.8155,5.1360,100,0.9900,0.0000,0
PatrolOnly,12371,51,1.0000,40,9.0485,5.1426,100,0.9933,0.0000,0
PatrolOnly,12372,39,1.0000,34,7.7767,4.4145,100,0.9900,0.0000,0
PatrolOnly,12373,42,1.0000,36,7.5777,4.9561,100,0.9900,0.0000,0
PatrolOnly,12374,43,1.0000,26,7.2039,4.8042,100,0.9933,0.0000,0
PatrolOnly,12375,38,1.0000,37,9.2718,4.6073,100,0.9900,0.0000,0
PatrolOnly,12376,35,1.0000,38,10.2670,5.0793,100,0.9900,0.0000,0
PatrolOnly,12377,37,1.0000,64,9.6019,4.5399,100,0.9900,0.0000,0
PatrolOnly,12378,50,1.0000,35,7.5049,5.2206,100,0.9933,0.0000,0
PatrolOnly,12379,49,1.0000,37,9.2233,5.0787,100,0.9900,0.0000,0
PatrolOnly,12380,47,1.0000,50,9.9757,5.0828,100,0.9900,0.0000,0
PatrolOnly,12381,51,1.0000,34,9.5194,4.6755,100,0.9933,0.0000,0
PatrolOnly,12382,42,1.0000,46,10.5874,5.3465,100,0.9900,0.0000,0
PatrolOnly,12383,51,1.0000,30,8.6650,5.2063,100,0.9900,0.0000,0
PatrolOnly,12384,43,1.0000,65,9.0534,5.2591,100,0.9900,0.0000,0
PatrolOnly,12385,38,1.0000,43,11.0194,4.9799,100,0.9900,0.0000,0
PatrolOnly,12386,52,1.0000,36,9.7039,4.9432,100,0.9900,0.0000,0
PatrolOnly,12387,40,1.0000,33,8.0243,5.2002,100,0.9900,0.0000,0
PatrolOnly,12388,55,1.0000,37,8.5534,4.8628,100,0.9900,0.0000,0
PatrolOnly,12389,33,1.0000,40,8.9466,4.5335,100,0.9900,0.0000,0
PatrolOnly,12390,47,1.0000,32,6.8058,4.8082,100,0.9900,0.0000,0
PatrolOnly,12391,41,1.0000,34,8.4466,5.1152,100,0.9900,0.0000,0
PatrolOnly,12392,57,1.0000,47,12.3204,5.3300,100,0.9900,0.0000,0
PatrolOnly,12393,41,1.0000,30,6.2087,4.6860,100,0.9900,0.0000,0
PatrolOnly,12394,37,1.0000,38,9.0388,4.8674,100,0.9900,0.0000,0
PatrolOnly,12395,44,1.0000,32,9.3252,4.4773,100,0.9900,0.0000,0
PatrolOnly,12396,37,1.0000,31,5.3010,4.6444,100,0.9900,0.0000,0
PatrolOnly,12397,48,1.0000,44,9.7039,4.9816,100,0.9900,0.0000,0
PatrolOnly,12398,48,1.0000,50,12.7816,4.6492,100,0.9900,0.0000,0
PatrolOnly,12399,50,1.0000,45,7.3398,4.9569,100,0.9933,0.0000,0
PatrolOnly,12400,35,1.0000,42,7.6165,5.1078,100,0.9933,0.0000,0
PatrolOnly,12401,49,1.0000,33,8.4515,4.8732,100,0.9900,0.0000,0
PatrolOnly,12402,39,1.0000,41,9.2573,5.7123,100,0.9933,0.0000,0
PatrolOnly,12403,40,1.0000,36,8.9126,5.2624,100,0.9900,0.0000,0
PatrolOnly,12404,30,1.0000,42,6.9660,4.6968,100,0.9900,0.0000,0
PatrolOnly,12405,54,1.0000,31,10.1602,5.3285,100,0.9900,0.0000,0
PatrolOnly,12406,56,1.0000,58,9.5485,5.2339,100,0.9900,0.0000,0
PatrolOnly,12407,44,1.0000,65,9.6650,5.2759,100,0.9900,0.0000,0
PatrolOnly,12408,90,1.0000,64,12.2087,6.2602,100,0.9933,0.0000,0
PatrolOnly,12409,47,1.0000,39,8.1214,5.0105,100,0.9900,0.0000,0
PatrolOnly,12410,44,1.0000,31,9.9175,4.5495,100,0.9900,0.0000,0
PatrolOnly,12411,49,1.0000,38,7.0825,4.5341,100,0.9900,0.0000,0
PatrolOnly,12412,47,1.0000,68,7.6456,4.9216,100,0.9900,0.0000,0
PatrolOnly,12413,82,1.0000,41,8.5388,5.4831,100,0.9933,0.0000,0
PatrolOnly,12414,32,1.0000,39,7.8786,4.8240,100,0.9900,0.0000,0
PatrolOnly,12415,40,1.0000,41,7.6748,5.5086,100,0.9900,0.0000,0
PatrolOnly,12416,32,1.0000,31,8.2282,4.8511,100,0.9900,0.0000,0
PatrolOnly,12417,46,1.0000,40,6.9612,4.6958,100,0.9900,0.0000,0
PatrolOnly,12418,45,1.0000,32,10.0971,5.2440,100,0.9900,0.0000,0
PatrolOnly,12419,51,1.0000,28,9.6942,5.2606,100,0.9900,0.0000,0
PatrolOnly,12420,38,1.0000,32,8.8884,5.0328,100,0.9900,0.0000,0
PatrolOnly,12421,49,1.0000,69,12.1990,5.0604,100,0.9900,0.0000,0
PatrolOnly,12422,43,1.0000,33,8.8058,4.9106,100,0.9900,0.0000,0
PatrolOnly,12423,46,1.0000,39,9.3738,5.2349,100,0.9900,0.0000,0
PatrolOnly,12424,62,1.0000,45,9.2718,5.5497,100,0.9900,0.0000,0
PatrolOnly,12425,60,1.0000,69,12.2621,5.9176,100,0.9900,0.0000,0
PatrolOnly,12426,-1,0.9951,4100,29.2039,5.2475,100,0.9900,0.0000,0
PatrolOnly,12427,41,1.0000,45,9.7961,4.9447,100,0.9900,0.0000,0
PatrolOnly,12428,31,1.0000,32,8.4272,4.7920,100,0.9933,0.0000,0
PatrolOnly,12429,44,1.0000,36,6.7427,5.5737,100,0.9900,0.0000,0
PatrolOnly,12430,49,1.0000,40,9.9612,4.8459,100,0.9900,0.0000,0
PatrolOnly,12431,-1,0.9903,4100,49.5049,6.2662,100,0.9900,0.0000,0
PatrolOnly,12432,47,1.0000,38,8.4126,4.5440,100,0.9900,0.0000,0
PatrolOnly,12433,39,1.0000,38,8.9854,4.4328,100,0.9900,0.0000,0
PatrolOnly,12434,40,1.0000,74,9.9126,5.1246,100,0.9900,0.0000,0
PatrolOnly,12435,53,1.0000,30,7.8544,5.0227,100,0.9900,0.0000,0
PatrolOnly,12436,48,1.0000,35,8.3350,5.0844,100,0.9933,0.0000,0
PatrolOnly,12437,52,1.0000,39,10.0680,5.0966,100,0.9900,0.0000,0
PatrolOnly,12438,28,1.0000,47,9.7476,4.9958,100,0.9900,0.0000,0
PatrolOnly,12439,41,1.0000,32,9.5243,4.8725,100,0.9900,0.0000,0
PatrolOnly,12440,44,1.0000,34,9.3301,5.0140,100,0.9900,0.0000,0
PatrolOnly,12441,57,1.0000,43,7.8058,4.8877,100,0.9900,0.0000,0
PatrolOnly,12442,44,1.0000,39,8.8058,5.3221,100,0.9900,0.0000,0
PatrolOnly,12443,48,1.0000,35,9.0146,4.4344,100,0.9933,0.0000,0
PatrolOnly,12444,43,1.0000,34,8.8786,4.9480,100,0.9900,0.0000,0
PatrolOnly,12445,42,1.0000,49,8.7718,5.3652,100,0.9900,0.0000,0
PatrolOnly,12446,48,1.0000,27,8.5485,4.9291,100,0.9900,0.0000,0
PatrolOnly,12447,66,1.0000,35,8.2961,5.1787,100,0.9900,0.0000,0
PatrolOnly,12448,46,1.0000,63,7.7330,5.7305,100,0.9900,0.0000,0
PatrolOnly,12449,60,1.0000,41,9.4029,5.4422,100,0.9900,0.0000,0
PatrolOnly,12450,41,1.0000,35,8.4369,4.5549,100,0.9900,0.0000,0
PatrolOnly,12451,39,1.0000,44,9.5049,4.5800,100,0.9900,0.0000,0
PatrolOnly,12452,43,1.0000,40,11.5437,5.0865,100,0.9900,0.0000,0
PatrolOnly,12453,36,1.0000,75,9.6214,4.8087,100,0.9900,0.0000,0
PatrolOnly,12454,55,1.0000,34,8.2718,5.1344,100,0.9900,0.0000,0
PatrolOnly,12455,60,1.0000,51,10.0146,5.5971,100,0.9900,0.0000,0
PatrolOnly,12456,42,1.0000,32,9.6893,4.9320,100,0.9900,0.0000,0
PatrolOnly,12457,51,1.0000,63,11.1845,4.8127,100,0.9900,0.0000,0
PatrolOnly,12458,42,1.0000,36,8.1602,4.6007,100,0.9900,0.0000,0
PatrolOnly,12459,42,1.0000,27,8.0049,4.4137,100,0.9900,0.0000,0
PatrolOnly,12460,40,1.0000,32,7.9563,4.5827,100,0.9900,0.0000,0
PatrolOnly,12461,52,1.0000,69,13.4903,5.5088,100,0.9933,0.0000,0
PatrolOnly,12462,33,1.0000,31,8.6068,4.5148,100,0.9900,0.0000,0
PatrolOnly,12463,72,1.0000,32,8.7670,5.4267,100,0.9933,0.0000,0
PatrolOnly,12464,36,1.0000,32,10.0097,5.2979,100,0.9900,0.0000,0
PatrolOnly,12465,57,1.0000,47,9.9515,4.9479,100,0.9900,0.0000,0
PatrolOnly,12466,46,1.0000,53,10.2573,5.1529,100,0.9900,0.0000,0
PatrolOnly,12467,47,1.0000,33,7.7184,4.4206,100,0.9900,0.0000,0
PatrolOnly,12468,42,1.0000,31,7.2184,4.8410,100,0.9900,0.0000,0
PatrolOnly,12469,45,1.0000,33,9.1990,5.1247,100,0.9900,0.0000,0
PatrolOnly,12470,43,1.0000,32,10.1165,4.4395,100,0.9900,0.0000,0
PatrolOnly,12471,47,1.0000,35,7.5777,5.2049,100,0.9900,0.0000,0
PatrolOnly,12472,58,1.0000,34,9.6602,4.7716,100,0.9900,0.0000,0
PatrolOnly,12473,32,1.0000,42,8.5534,5.1862,100,0.9933,0.0000,0
PatrolOnly,12474,46,1.0000,36,7.9320,4.8177,100,0.9900,0.0000,0
PatrolOnly,12475,81,1.0000,59,9.0243,5.6749,100,0.9933,0.0000,0
PatrolOnly,12476,44,1.0000,36,11.5437,4.9236,100,0.9933,0.0000,0
PatrolOnly,12477,51,1.0000,29,8.4515,4.6360,100,0.9900,0.0000,0
PatrolOnly,12478,38,1.0000,32,8.6068,4.9534,100,0.9900,0.0000,0
PatrolOnly,12479,59,1.0000,33,6.3398,4.9943,100,0.9900,0.0000,0
PatrolOnly,12480,46,1.0000,36,8.3350,4.4807,100,0.9900,0.0000,0
PatrolOnly,12481,53,1.0000,45,9.4126,5.0191,100,0.9933,0.0000,0
PatrolOnly,12482,49,1.0000,35,9.0728,5.0357,100,0.9900,0.0000,0
PatrolOnly,12483,41,1.0000,27,8.6359,4.7341,100,0.9900,0.0000,0
PatrolOnly,12484,39,1.0000,35,8.1602,4.7341,100,0.9900,0.0000,0
PatrolOnly,12485,54,1.0000,34,7.0388,4.8672,100,0.9900,0.0000,0
PatrolOnly,12486,42,1.0000,39,9.1942,4.7309,100,0.9900,0.0000,0
PatrolOnly,12487,40,1.0000,31,14.9078,4.9591,100,0.9900,0.0000,0
PatrolOnly,12488,59,1.0000,41,7.4320,5.3836,100,0.9933,0.0000,0
PatrolOnly,12489,47,1.0000,38,9.0728,4.5945,100,0.9900,0.0000,0
PatrolOnly,12490,39,1.0000,39,12.0437,5.8579,100,0.9933,0.0000,0
PatrolOnly,12491,40,1.0000,33,8.0728,5.0158,100,0.9900,0.0000,0
PatrolOnly,12492,51,1.0000,37,8.2282,5.1699,100,0.9933,0.0000,0
PatrolOnly,12493,33,1.0000,30,7.9563,4.9961,100,0.9900,0.0000,0
PatrolOnly,12494,44,1.0000,39,6.8932,4.8597,100,0.9900,0.0000,0
PatrolOnly,12495,50,1.0000,47,8.7767,5.1375,100,0.9900,0.0000,0
PatrolOnly,12496,35,1.0000,38,9.6893,4.6576,100,0.9900,0.0000,0
PatrolOnly,12497,31,1.0000,32,9.2233,4.6829,100,0.9900,0.0000,0
PatrolOnly,12498,44,1.0000,44,8.3835,5.2011,100,0.9900,0.0000,0
PatrolOnly,12499,61,1.0000,54,9.9612,4.9322,100,0.9933,0.0000,0
PatrolOnly,12500,36,1.0000,39,11.0000,5.1421,100,0.9900,0.0000,0
PatrolOnly,12501,56,1.0000,45,8.4223,4.2776,100,0.9933,0.0000,0
PatrolOnly,12502,44,1.0000,38,11.6796,5.4285,100,0.9900,0.0000,0
PatrolOnly,12503,52,1.0000,46,8.0146,5.7857,100,0.9900,0.0000,0
PatrolOnly,12504,60,1.0000,33,8.8107,4.8908,100,0.9900,0.0000,0
PatrolOnly,12505,39,1.0000,46,8.7670,4.4693,100,0.9933,0.0000,0
PatrolOnly,12506,49,1.0000,33,8.0291,4.6617,100,0.9900,0.0000,0
PatrolOnly,12507,47,1.0000,29,8.2573,4.3995,100,0.9900,0.0000,0
PatrolOnly,12508,50,1.0000,30,6.8204,5.1301,100,0.9900,0.0000,0
PatrolOnly,12509,51,1.0000,62,8.4951,5.0658,100,0.9900,0.0000,0
PatrolOnly,12510,57,1.0000,75,6.9951,5.2868,100,0.9900,0.0000,0
PatrolOnly,12511,49,1.0000,29,7.4417,4.7020,100,0.9900,0.0000,0
PatrolOnly,12512,44,1.0000,35,7.2476,5.3564,100,0.9900,0.0000,0
PatrolOnly,12513,72,1.0000,37,9.4175,5.3270,100,0.9900,0.0000,0
PatrolOnly,12514,42,1.0000,41,7.9757,4.6884,100,0.9933,0.0000,0
PatrolOnly,12515,72,1.0000,53,8.7087,5.5987,100,0.9900,0.0000,0
PatrolOnly,12516,32,1.0000,43,8.9951,4.9818,100,0.9900,0.0000,0
PatrolOnly,12517,55,1.0000,47,6.8010,5.6563,100,0.9900,0.0000,0
PatrolOnly,12518,46,1.0000,54,10.8641,4.7170,100,0.9900,0.0000,0
PatrolOnly,12519,54,1.0000,32,9.0922,4.6646,100,0.9900,0.0000,0
PatrolOnly,12520,34,1.0000,33,8.6602,5.2659,100,0.9900,0.0000,0
PatrolOnly,12521,48,1.0000,34,8.9223,4.8912,100,0.9900,0.0000,0
PatrolOnly,12522,50,1.0000,37,8.3835,4.8491,100,0.9900,0.0000,0
PatrolOnly,12523,47,1.0000,36,10.1699,4.8253,100,0.9900,0.0000,0
PatrolOnly,12524,35,1.0000,40,7.4175,4.7315,100,0.9900,0.0000,0
PatrolOnly,12525,61,1.0000,36,9.1359,4.9111,100,0.9900,0.0000,0
PatrolOnly,12526,62,1.0000,63,7.2330,4.8757,100,0.9933,0.0000,0
PatrolOnly,12527,48,1.0000,35,11.4223,5.0178,100,0.9900,0.0000,0
PatrolOnly,12528,55,1.0000,42,7.4466,5.1096,100,0.9900,0.0000,0
PatrolOnly,12529,39,1.0000,35,8.4369,4.8623,100,0.9900,0.0000,0
PatrolOnly,12530,56,1.0000,34,10.1796,5.4084,100,0.9900,0.0000,0
PatrolOnly,12531,53,1.0000,45,8.5146,5.1000,100,0.9900,0.0000,0
PatrolOnly,12532,36,1.0000,38,10.1699,5.5746,100,0.9900,0.0000,0
PatrolOnly,12533,48,1.0000,32,8.3107,5.5262,100,0.9900,0.0000,0
PatrolOnly,12534,-1,0.9903,4100,51.7136,6.3147,100,0.9933,0.0000,0
PatrolOnly,12535,35,1.0000,27,7.2039,4.9621,100,0.9900,0.0000,0
PatrolOnly,12536,41,1.0000,30,8.3495,5.1735,100,0.9900,0.0000,0
PatrolOnly,12537,48,1.0000,44,6.8932,4.9758,100,0.9933,0.0000,0
PatrolOnly,12538,35,1.0000,35,7.8641,4.6902,100,0.9900,0.0000,0
PatrolOnly,12539,52,1.0000,59,6.3786,5.3931,100,0.9900,0.0000,0
PatrolOnly,12540,46,1.0000,38,7.0777,4.6197,100,0.9900,0.0000,0
PatrolOnly,12541,47,1.0000,21,5.3884,4.3744,100,0.9933,0.0000,0
PatrolOnly,12542,97,1.0000,51,8.5340,5.3720,100,0.9900,0.0000,0
PatrolOnly,12543,39,1.0000,33,9.0097,4.5455,100,0.9900,0.0000,0
PatrolOnly,12544,45,1.0000,35,6.7621,4.6199,100,0.9900,0.0000,0
PatrolOnly,12545,40,1.0000,33,8.3350,5.2372,100,0.9900,0.0000,0
PatrolOnly,12546,36,1.0000,28,8.6019,4.7233,100,0.9933,0.0000,0
PatrolOnly,12547,59,1.0000,27,8.6990,4.4602,100,0.9900,0.0000,0
PatrolOnly,12548,44,1.0000,39,8.2184,4.6174,100,0.9900,0.0000,0
PatrolOnly,12549,35,1.0000,65,8.5146,5.0127,100,0.9900,0.0000,0
PatrolOnly,12550,46,1.0000,60,9.6748,6.3243,100,0.9933,0.0000,0
PatrolOnly,12551,40,1.0000,37,9.6748,4.7798,100,0.9900,0.0000,0
PatrolOnly,12552,37,1.0000,30,8.1019,4.6599,100,0.9900,0.0000,0
PatrolOnly,12553,50,1.0000,33,8.8641,5.4971,100,0.9900,0.0000,0
PatrolOnly,12554,47,1.0000,42,6.3932,4.8450,100,0.9900,0.0000,0
PatrolOnly,12555,38,1.0000,39,8.4272,4.7193,100,0.9900,0.0000,0
PatrolOnly,12556,58,1.0000,29,10.2816,4.5949,100,0.9900,0.0000,0
PatrolOnly,12557,49,1.0000,31,8.1796,5.3764,100,0.9900,0.0000,0
PatrolOnly,12558,34,1.0000,51,10.4660,5.2400,100,0.9900,0.0000,0
PatrolOnly,12559,37,1.0000,32,8.2427,5.1709,100,0.9900,0.0000,0
PatrolOnly,12560,33,1.0000,32,8.6748,4.2671,100,0.9900,0.0000,0
PatrolOnly,12561,60,1.0000,40,9.7379,5.6127,100,0.9933,0.0000,0
PatrolOnly,12562,55,1.0000,42,9.3350,4.9722,100,0.9933,0.0000,0
PatrolOnly,12563,61,1.0000,51,14.2330,6.0051,100,0.9933,0.0000,0
PatrolOnly,12564,65,1.0000,48,11.8058,5.7516,100,0.9933,0.0000,0
PatrolOnly,12565,44,1.0000,33,9.9854,4.7346,100,0.9900,0.0000,0
PatrolOnly,12566,68,1.0000,51,8.7427,5.7278,100,0.9900,0.0000,0
PatrolOnly,12567,54,1.0000,99,8.7233,5.0425,100,0.9900,0.0000,0
PatrolOnly,12568,58,1.0000,43,7.5146,5.2131,100,0.9900,0.0000,0
PatrolOnly,12569,45,1.0000,30,8.1408,4.4010,100,0.9900,0.0000,0
PatrolOnly,12570,42,1.0000,45,7.5680,4.6946,100,0.9900,0.0000,0
PatrolOnly,12571,47,1.0000,63,8.0680,5.6754,100,0.9900,0.0000,0
PatrolOnly,12572,46,1.0000,38,7.1650,4.9716,100,0.9900,0.0000,0
PatrolOnly,12573,37,1.0000,29,6.6505,4.5925,100,0.9900,0.0000,0
PatrolOnly,12574,49,1.0000,28,6.2330,4.5336,100,0.9900,0.0000,0
PatrolOnly,12575,38,1.0000,33,10.5000,4.6449,100,0.9900,0.0000,0
PatrolOnly,12576,40,1.0000,38,8.2330,4.4696,100,0.9933,0.0000,0
PatrolOnly,12577,32,1.0000,34,10.2427,4.9769,100,0.9900,0.0000,0
PatrolOnly,12578,38,1.0000,36,8.8010,4.9430,100,0.9933,0.0000,0
PatrolOnly,12579,41,1.0000,30,9.5971,4.7094,100,0.9900,0.0000,0
PatrolOnly,12580,45,1.0000,77,8.2233,4.7293,100,0.9900,0.0000,0
PatrolOnly,12581,52,1.0000,34,8.7524,4.6508,100,0.9900,0.0000,0
PatrolOnly,12582,30,1.0000,31,7.7573,4.3108,100,0.9900,0.0000,0
PatrolOnly,12583,58,1.0000,40,8.6311,4.8389,100,0.9900,0.0000,0
PatrolOnly,12584,43,1.0000,31,7.6019,4.6839,100,0.9900,0.0000,0
PatrolOnly,12585,60,1.0000,31,7.1748,5.0311,100,0.9900,0.0000,0
PatrolOnly,12586,61,1.0000,65,8.2718,5.7191,100,0.9900,0.0000,0
PatrolOnly,12587,62,1.0000,59,9.6408,5.5592,100,0.9933,0.0000,0
PatrolOnly,12588,33,1.0000,52,10.5243,5.1713,100,0.9900,0.0000,0
PatrolOnly,12589,71,1.0000,61,8.2379,5.1425,100,0.9933,0.0000,0
PatrolOnly,12590,39,1.0000,36,10.5680,4.9668,100,0.9900,0.0000,0
PatrolOnly,12591,42,1.0000,33,8.8544,5.0216,100,0.9900,0.0000,0
PatrolOnly,12592,45,1.0000,32,8.3301,4.8665,100,0.9900,0.0000,0
PatrolOnly,12593,43,1.0000,30,7.8301,5.5238,100,0.9900,0.0000,0
PatrolOnly,12594,61,1.0000,60,8.6699,4.8460,100,0.9900,0.0000,0
PatrolOnly,12595,43,1.0000,39,8.9951,4.7335,100,0.9900,0.0000,0
PatrolOnly,12596,58,1.0000,35,9.8107,5.0732,100,0.9900,0.0000,0
PatrolOnly,12597,-1,0.9951,4100,31.4952,5.7664,100,0.9900,0.0000,0
PatrolOnly,12598,48,1.0000,32,9.0728,4.7111,100,0.9900,0.0000,0
PatrolOnly,12599,32,1.0000,59,9.1456,4.8386,100,0.9933,0.0000,0
PatrolOnly,12600,76,1.0000,43,11.8981,5.3307,100,0.9933,0.0000,0
PatrolOnly,12601,45,1.0000,32,9.2864,4.9278,100,0.9900,0.0000,0
PatrolOnly,12602,58,1.0000,33,10.6942,5.1687,100,0.9900,0.0000,0
PatrolOnly,12603,43,1.0000,32,8.1117,4.8493,100,0.9933,0.0000,0
PatrolOnly,12604,55,1.0000,36,7.2864,5.0173,100,0.9900,0.0000,0
PatrolOnly,12605,66,1.0000,96,10.9126,5.6934,100,0.9933,0.0000,0
PatrolOnly,12606,43,1.0000,32,7.6262,4.6489,100,0.9900,0.0000,0
PatrolOnly,12607,53,1.0000,45,9.7330,5.0189,100,0.9900,0.0000,0
PatrolOnly,12608,43,1.0000,53,11.6165,4.9428,100,0.9933,0.0000,0
PatrolOnly,12609,37,1.0000,35,8.3641,4.5099,100,0.9900,0.0000,0
PatrolOnly,12610,77,1.0000,62,7.0000,5.2268,100,0.9900,0.0000,0
PatrolOnly,12611,48,1.0000,36,9.6748,5.8990,100,0.9933,0.0000,0
PatrolOnly,12612,55,1.0000,37,8.0534,4.6328,100,0.9900,0.0000,0
PatrolOnly,12613,40,1.0000,30,8.2816,5.0262,100,0.9900,0.0000,0
PatrolOnly,12614,48,1.0000,39,10.5243,4.9865,100,0.9933,0.0000,0
PatrolOnly,12615,51,1.0000,34,8.7427,4.8926,100,0.9900,0.0000,0
PatrolOnly,12616,40,1.0000,38,10.0097,4.3271,100,0.9900,0.0000,0
PatrolOnly,12617,37,1.0000,44,9.7039,4.9658,100,0.9900,0.0000,0
PatrolOnly,12618,51,1.0000,34,7.9369,5.3850,100,0.9900,0.0000,0
PatrolOnly,12619,47,1.0000,29,7.7379,4.4527,100,0.9900,0.0000,0
PatrolOnly,12620,42,1.0000,45,9.4709,5.0036,100,0.9900,0.0000,0
PatrolOnly,12621,-1,0.9903,4100,48.4223,5.6910,100,0.9900,0.0000,0
PatrolOnly,12622,52,1.0000,40,8.9029,4.5286,100,0.9900,0.0000,0
PatrolOnly,12623,31,1.0000,45,8.2670,4.7523,100,0.9900,0.0000,0
PatrolOnly,12624,41,1.0000,55,10.1019,4.7208,100,0.9933,0.0000,0
PatrolOnly,12625,45,1.0000,63,9.8981,4.9906,100,0.9900,0.0000,0
PatrolOnly,12626,45,1.0000,35,7.1165,4.8569,100,0.9933,0.0000,0
PatrolOnly,12627,52,1.0000,33,8.3689,4.6099,100,0.9900,0.0000,0
PatrolOnly,12628,47,1.0000,31,9.2184,4.5332,100,0.9900,0.0000,0
PatrolOnly,12629,88,1.0000,39,9.8738,5.6526,100,0.9900,0.0000,0
PatrolOnly,12630,48,1.0000,31,6.9223,5.2892,100,0.9900,0.0000,0
PatrolOnly,12631,32,1.0000,78,10.9563,5.2263,100,0.9900,0.0000,0
PatrolOnly,12632,40,1.0000,31,7.9563,4.5858,100,0.9900,0.0000,0
PatrolOnly,12633,34,1.0000,39,9.9854,5.1463,100,0.9900,0.0000,0
PatrolOnly,12634,51,1.0000,28,8.6359,5.0370,100,0.9933,0.0000,0
PatrolOnly,12635,46,1.0000,32,9.6019,4.6914,100,0.9900,0.0000,0
PatrolOnly,12636,33,1.0000,34,7.6165,5.4297,100,0.9900,0.0000,0
PatrolOnly,12637,40,1.0000,37,8.4757,4.5446,100,0.9900,0.0000,0
PatrolOnly,12638,44,1.0000,47,7.8398,5.2506,100,0.9900,0.0000,0
PatrolOnly,12639,57,1.0000,35,7.6262,5.7308,100,0.9900,0.0000,0
PatrolOnly,12640,57,1.0000,45,8.7184,5.7854,100,0.9900,0.0000,0
PatrolOnly,12641,47,1.0000,47,7.3495,4.9483,100,0.9933,0.0000,0
PatrolOnly,12642,52,1.0000,35,10.5146,5.1257,100,0.9900,0.0000,0
PatrolOnly,12643,48,1.0000,52,6.2718,4.4359,100,0.9900,0.0000,0
PatrolOnly,12644,43,1.0000,33,9.1214,5.0175,100,0.9900,0.0000,0
PatrolOnly,12645,43,1.0000,34,11.3350,4.9311,100,0.9900,0.0000,0
PatrolOnly,12646,37,1.0000,39,9.9515,5.7250,100,0.9900,0.0000,0
PatrolOnly,12647,53,1.0000,30,9.4515,4.9891,100,0.9900,0.0000,0
PatrolOnly,12648,39,1.0000,39,10.3107,4.7431,100,0.9900,0.0000,0
PatrolOnly,12649,51,1.0000,35,11.9223,4.3942,100,0.9933,0.0000,0
PatrolOnly,12650,43,1.0000,36,8.9175,4.4412,100,0.9900,0.0000,0
PatrolOnly,12651,34,1.0000,32,8.1650,4.2951,100,0.9933,0.0000,0
PatrolOnly,12652,36,1.0000,37,7.9612,5.1005,100,0.9933,0.0000,0
PatrolOnly,12653,47,1.0000,36,7.4515,4.7719,100,0.9900,0.0000,0
PatrolOnly,12654,53,1.0000,59,8.3107,5.4501,100,0.9900,0.0000,0
PatrolOnly,12655,40,1.0000,33,9.7379,5.0655,100,0.9900,0.0000,0
PatrolOnly,12656,52,1.0000,25,6.9320,4.8680,100,0.9900,0.0000,0
PatrolOnly,12657,44,1.0000,40,10.2039,5.3801,100,0.9900,0.0000,0
PatrolOnly,12658,43,1.0000,41,9.0631,5.2447,100,0.9933,0.0000,0
PatrolOnly,12659,50,1.0000,47,8.2330,4.9441,100,0.9900,0.0000,0
PatrolOnly,12660,54,1.0000,33,7.4563,4.7328,100,0.9900,0.0000,0
PatrolOnly,12661,38,1.0000,63,13.3932,5.5810,100,0.9900,0.0000,0
PatrolOnly,12662,33,1.0000,40,9.7087,5.0237,100,0.9900,0.0000,0
PatrolOnly,12663,47,1.0000,78,9.9563,5.3776,100,0.9900,0.0000,0
PatrolOnly,12664,50,1.0000,48,9.5680,5.4376,100,0.9933,0.0000,0
PatrolOnly,12665,50,1.0000,47,8.0680,5.3287,100,0.9900,0.0000,0
PatrolOnly,12666,32,1.0000,44,11.3204,5.0820,100,0.9900,0.0000,0
PatrolOnly,12667,44,1.0000,41,7.6893,5.6280,100,0.9933,0.0000,0
PatrolOnly,12668,43,1.0000,37,8.6068,4.6467,100,0.9900,0.0000,0
PatrolOnly,12669,47,1.0000,43,11.4418,4.7855,100,0.9900,0.0000,0
PatrolOnly,12670,65,1.0000,60,10.4563,5.6218,100,0.9933,0.0000,0
PatrolOnly,12671,47,1.0000,27,8.9806,4.7252,100,0.9900,0.0000,0
PatrolOnly,12672,53,1.0000,36,9.9126,5.1818,100,0.9900,0.0000,0
PatrolOnly,12673,47,1.0000,43,9.3786,4.8844,100,0.9900,0.0000,0
PatrolOnly,12674,38,1.0000,38,9.8981,4.4661,100,0.9900,0.0000,0
PatrolOnly,12675,33,1.0000,33,9.4903,4.3526,100,0.9900,0.0000,0
PatrolOnly,12676,45,1.0000,31,7.9563,4.8909,100,0.9900,0.0000,0
PatrolOnly,12677,54,1.0000,36,8.7330,4.6116,100,0.9900,0.0000,0
PatrolOnly,12678,54,1.0000,49,8.5922,5.3085,100,0.9900,0.0000,0
PatrolOnly,12679,35,1.0000,42,11.5922,5.0347,100,0.9900,0.0000,0
PatrolOnly,12680,70,1.0000,30,9.2330,5.6338,100,0.9900,0.0000,0
PatrolOnly,12681,52,1.0000,32,9.8447,5.0167,100,0.9900,0.0000,0
PatrolOnly,12682,46,1.0000,29,7.2913,4.5671,100,0.9900,0.0000,0
PatrolOnly,12683,40,1.0000,35,8.1019,4.7121,100,0.9900,0.0000,0
PatrolOnly,12684,61,1.0000,39,6.8398,4.8262,100,0.9900,0.0000,0
PatrolOnly,12685,36,1.0000,38,9.9029,4.4856,100,0.9900,0.0000,0
PatrolOnly,12686,34,1.0000,30,8.9709,4.7423,100,0.9900,0.0000,0
PatrolOnly,12687,50,1.0000,36,6.6796,4.4798,100,0.9933,0.0000,0
PatrolOnly,12688,52,1.0000,43,12.5728,5.1367,100,0.9900,0.0000,0
PatrolOnly,12689,52,1.0000,33,9.7136,5.0886,100,0.9900,0.0000,0
PatrolOnly,12690,52,1.0000,45,7.9612,4.9195,100,0.9900,0.0000,0
PatrolOnly,12691,48,1.0000,29,9.3835,4.5203,100,0.9900,0.0000,0
PatrolOnly,12692,47,1.0000,38,10.6165,5.2934,100,0.9900,0.0000,0
PatrolOnly,12693,53,1.0000,29,9.6748,4.7726,100,0.9900,0.0000,0
PatrolOnly,12694,44,1.0000,34,8.0291,5.0317,100,0.9900,0.0000,0
PatrolOnly,12695,41,1.0000,36,9.1214,5.0523,100,0.9900,0.0000,0
PatrolOnly,12696,39,1.0000,43,10.2330,5.0559,100,0.9900,0.0000,0
PatrolOnly,12697,45,1.0000,54,7.0000,5.1316,100,0.9900,0.0000,0
PatrolOnly,12698,52,1.0000,26,7.4806,5.1698,100,0.9900,0.0000,0
PatrolOnly,12699,50,1.0000,32,7.0340,4.8201,100,0.9900,0.0000,0
PatrolOnly,12700,33,1.0000,80,10.1505,5.2971,100,0.9900,0.0000,0
PatrolOnly,12701,44,1.0000,33,6.6942,4.6591,100,0.9900,0.0000,0
PatrolOnly,12702,41,1.0000,44,11.2864,5.2522,100,0.9900,0.0000,0
PatrolOnly,12703,49,1.0000,44,7.9806,5.2156,100,0.9900,0.0000,0
PatrolOnly,12704,39,1.0000,35,10.4223,4.7604,100,0.9900,0.0000,0
PatrolOnly,12705,45,1.0000,38,8.4029,5.3473,100,0.9900,0.0000,0
PatrolOnly,12706,39,1.0000,38,9.3544,4.8937,100,0.9900,0.0000,0
PatrolOnly,12707,60,1.0000,34,7.3641,5.2311,100,0.9900,0.0000,0
PatrolOnly,12708,73,1.0000,37,8.7233,5.5112,100,0.9900,0.0000,0
PatrolOnly,12709,39,1.0000,33,7.7864,4.6542,100,0.9900,0.0000,0
PatrolOnly,12710,39,1.0000,40,9.4903,5.3723,100,0.9900,0.0000,0
PatrolOnly,12711,54,1.0000,45,7.5825,5.1077,100,0.9933,0.0000,0
PatrolOnly,12712,31,1.0000,33,9.5340,5.3040,100,0.9933,0.0000,0
PatrolOnly,12713,86,1.0000,53,9.4466,6.0087,100,0.9933,0.0000,0
PatrolOnly,12714,32,1.0000,52,10.3495,5.1546,100,0.9933,0.0000,0
PatrolOnly,12715,38,1.0000,41,11.2136,5.2351,100,0.9900,0.0000,0
PatrolOnly,12716,48,1.0000,34,7.1214,4.4557,100,0.9900,0.0000,0
PatrolOnly,12717,51,1.0000,37,11.0000,5.7287,100,0.9900,0.0000,0
PatrolOnly,12718,36,1.0000,44,9.5922,4.9168,100,0.9900,0.0000,0
PatrolOnly,12719,66,1.0000,42,8.2427,5.2384,100,0.9900,0.0000,0
PatrolOnly,12720,41,1.0000,33,8.8155,4.8646,100,0.9933,0.0000,0
PatrolOnly,12721,47,1.0000,36,9.2379,4.9032,100,0.9900,0.0000,0
PatrolOnly,12722,42,1.0000,47,12.2767,4.7883,100,0.9900,0.0000,0
PatrolOnly,12723,41,1.0000,35,7.4854,4.4580,100,0.9933,0.0000,0
PatrolOnly,12724,36,1.0000,37,12.0728,5.4805,100,0.9900,0.0000,0
PatrolOnly,12725,44,1.0000,39,9.8010,5.4135,100,0.9933,0.0000,0
PatrolOnly,12726,40,1.0000,44,8.6650,5.6233,100,0.9900,0.0000,0
PatrolOnly,12727,45,1.0000,66,7.4563,5.0421,100,0.9900,0.0000,0
PatrolOnly,12728,45,1.0000,38,8.0728,4.6812,100,0.9900,0.0000,0
PatrolOnly,12729,44,1.0000,33,6.6359,5.1951,100,0.9900,0.0000,0
PatrolOnly,12730,51,1.0000,32,7.7330,5.3402,100,0.9900,0.0000,0
PatrolOnly,12731,60,1.0000,33,7.7961,5.6504,100,0.9900,0.0000,0
PatrolOnly,12732,64,1.0000,53,10.6699,5.0172,100,0.9900,0.0000,0
PatrolOnly,12733,47,1.0000,33,6.8495,4.5882,100,0.9900,0.0000,0
PatrolOnly,12734,52,1.0000,52,8.9223,5.3495,100,0.9900,0.0000,0
PatrolOnly,12735,41,1.0000,49,11.3301,4.7586,100,0.9900,0.0000,0
PatrolOnly,12736,53,1.0000,46,10.4175,5.7048,100,0.9900,0.0000,0
PatrolOnly,12737,63,1.0000,44,7.0097,5.0923,100,0.9933,0.0000,0
PatrolOnly,12738,37,1.0000,43,7.3447,5.1981,100,0.9933,0.0000,0
PatrolOnly,12739,47,1.0000,26,7.0922,5.0122,100,0.9933,0.0000,0
PatrolOnly,12740,52,1.0000,61,10.8058,5.2582,100,0.9900,0.0000,0
PatrolOnly,12741,46,1.0000,27,7.9612,4.9667,100,0.9900,0.0000,0
PatrolOnly,12742,44,1.0000,32,7.3350,4.8119,100,0.9900,0.0000,0
PatrolOnly,12743,44,1.0000,37,7.2524,5.0428,100,0.9933,0.0000,0
PatrolOnly,12744,38,1.0000,23,7.0437,4.8233,100,0.9900,0.0000,0
PatrolOnly,12745,53,1.0000,26,8.0680,4.9459,100,0.9900,0.0000,0
PatrolOnly,12746,54,1.0000,36,7.8058,5.4966,100,0.9900,0.0000,0
PatrolOnly,12747,28,1.0000,72,8.3544,4.9711,100,0.9900,0.0000,0
PatrolOnly,12748,48,1.0000,38,9.4126,4.7471,100,0.9900,0.0000,0
PatrolOnly,12749,34,1.0000,35,10.1165,4.7764,100,0.9900,0.0000,0
PatrolOnly,12750,-1,0.9951,4100,30.6165,6.0939,100,0.9933,0.0000,0
PatrolOnly,12751,48,1.0000,34,7.1990,5.4616,100,0.9900,0.0000,0
PatrolOnly,12752,37,1.0000,36,8.2816,5.1093,100,0.9900,0.0000,0
PatrolOnly,12753,43,1.0000,55,9.2136,5.4904,100,0.9900,0.0000,0
PatrolOnly,12754,49,1.0000,44,9.6748,4.4079,100,0.9900,0.0000,0
PatrolOnly,12755,26,1.0000,41,12.5388,5.7024,100,0.9900,0.0000,0
PatrolOnly,12756,51,1.0000,52,8.3592,4.8561,100,0.9900,0.0000,0
PatrolOnly,12757,55,1.0000,53,8.6942,5.0396,100,0.9900,0.0000,0
PatrolOnly,12758,47,1.0000,34,7.4078,4.8114,100,0.9900,0.0000,0
PatrolOnly,12759,46,1.0000,39,6.9854,5.0900,100,0.9900,0.0000,0
PatrolOnly,12760,53,1.0000,51,9.6505,5.0047,100,0.9933,0.0000,0
PatrolOnly,12761,59,1.0000,30,11.3544,4.9530,100,0.9900,0.0000,0
PatrolOnly,12762,56,1.0000,56,8.5825,5.0447,100,0.9933,0.0000,0
PatrolOnly,12763,42,1.0000,45,7.2233,4.9483,100,0.9900,0.0000,0
PatrolOnly,12764,36,1.0000,40,8.0340,4.8050,100,0.9900,0.0000,0
PatrolOnly,12765,50,1.0000,39,8.3689,4.7329,100,0.9900,0.0000,0
PatrolOnly,12766,41,1.0000,33,9.8155,4.9237,100,0.9900,0.0000,0
PatrolOnly,12767,63,1.0000,37,7.5922,5.3798,100,0.9933,0.0000,0
PatrolOnly,12768,55,1.0000,29,8.3350,4.4864,100,0.9900,0.0000,0
PatrolOnly,12769,35,1.0000,66,9.0874,5.0496,100,0.9900,0.0000,0
PatrolOnly,12770,44,1.0000,50,7.8932,5.0091,100,0.9900,0.0000,0
PatrolOnly,12771,73,1.0000,80,10.9369,6.5202,100,0.9933,0.0000,0
PatrolOnly,12772,48,1.0000,75,8.5922,4.8655,100,0.9900,0.0000,0
PatrolOnly,12773,50,1.0000,35,10.0971,5.1373,100,0.9900,0.0000,0
PatrolOnly,12774,43,1.0000,33,9.5388,4.8146,100,0.9900,0.0000,0
PatrolOnly,12775,77,1.0000,70,9.1505,6.0936,100,0.9933,0.0000,0
PatrolOnly,12776,43,1.0000,36,10.3204,4.8985,100,0.9933,0.0000,0
PatrolOnly,12777,38,1.0000,31,6.7670,4.2511,100,0.9900,0.0000,0
PatrolOnly,12778,43,1.0000,29,6.6408,4.7580,100,0.9900,0.0000,0
PatrolOnly,12779,48,1.0000,28,7.7330,4.8457,100,0.9900,0.0000,0
PatrolOnly,12780,44,1.0000,35,9.0146,4.6115,100,0.9900,0.0000,0
PatrolOnly,12781,38,1.0000,51,8.2427,4.5829,100,0.9900,0.0000,0
PatrolOnly,12782,48,1.0000,40,7.6214,4.2528,100,0.9900,0.0000,0
PatrolOnly,12783,44,1.0000,33,7.5194,5.0644,100,0.9900,0.0000,0
PatrolOnly,12784,47,1.0000,43,10.4272,4.7812,100,0.9900,0.0000,0
PatrolOnly,12785,45,1.0000,33,8.9466,5.1114,100,0.9900,0.0000,0
PatrolOnly,12786,40,1.0000,33,8.6699,4.9316,100,0.9900,0.0000,0
PatrolOnly,12787,38,1.0000,29,7.2524,5.0459,100,0.9900,0.0000,0
PatrolOnly,12788,55,1.0000,46,9.9951,5.3116,100,0.9900,0.0000,0
PatrolOnly,12789,49,1.0000,55,10.0000,5.6374,100,0.9933,0.0000,0
PatrolOnly,12790,39,1.0000,62,7.8738,5.0636,100,0.9900,0.0000,0
PatrolOnly,12791,50,1.0000,63,9.1117,4.6923,100,0.9933,0.0000,0
PatrolOnly,12792,57,1.0000,31,6.8252,4.7508,100,0.9900,0.0000,0
PatrolOnly,12793,63,1.0000,37,7.4029,4.8969,100,0.9900,0.0000,0
PatrolOnly,12794,55,1.0000,26,9.0680,4.7227,100,0.9900,0.0000,0
PatrolOnly,12795,44,1.0000,31,6.3350,5.5856,100,0.9900,0.0000,0
PatrolOnly,12796,60,1.0000,37,7.9757,4.9693,100,0.9900,0.0000,0
PatrolOnly,12797,46,1.0000,33,11.8495,4.8136,100,0.9900,0.0000,0
PatrolOnly,12798,45,1.0000,40,7.6748,5.5006,100,0.9900,0.0000,0
PatrolOnly,12799,32,1.0000,45,10.0437,4.9211,100,0.9900,0.0000,0
PatrolOnly,12800,36,1.0000,41,7.8107,4.7203,100,0.9933,0.0000,0
PatrolOnly,12801,30,1.0000,28,7.6359,4.7266,100,0.9900,0.0000,0
PatrolOnly,12802,34,1.0000,42,8.3835,5.2181,100,0.9933,0.0000,0
PatrolOnly,12803,43,1.0000,34,7.7136,4.8585,100,0.9900,0.0000,0
PatrolOnly,12804,52,1.0000,36,8.9612,5.1150,100,0.9900,0.0000,0
PatrolOnly,12805,35,1.0000,31,7.8155,4.3431,100,0.9900,0.0000,0
PatrolOnly,12806,45,1.0000,33,8.1068,5.0311,100,0.9900,0.0000,0
PatrolOnly,12807,35,1.0000,42,7.9951,4.6113,100,0.9900,0.0000,0
PatrolOnly,12808,35,1.0000,33,9.1456,5.0459,100,0.9900,0.0000,0
PatrolOnly,12809,43,1.0000,43,8.6165,4.8740,100,0.9900,0.0000,0
PatrolOnly,12810,43,1.0000,29,8.4223,5.1562,100,0.9900,0.0000,0
PatrolOnly,12811,52,1.0000,42,8.3010,4.6458,100,0.9900,0.0000,0
PatrolOnly,12812,65,1.0000,48,12.0922,5.3953,100,0.9900,0.0000,0
PatrolOnly,12813,46,1.0000,33,8.5194,4.8775,100,0.9900,0.0000,0
PatrolOnly,12814,63,1.0000,64,10.7767,5.3378,100,0.9933,0.0000,0
PatrolOnly,12815,53,1.0000,29,9.6650,4.8829,100,0.9900,0.0000,0
PatrolOnly,12816,36,1.0000,62,9.3786,4.7822,100,0.9900,0.0000,0
PatrolOnly,12817,54,1.0000,37,8.7136,4.7337,100,0.9900,0.0000,0
PatrolOnly,12818,48,1.0000,31,9.0825,4.1805,100,0.9900,0.0000,0
PatrolOnly,12819,60,1.0000,49,9.3107,5.3322,100,0.9900,0.0000,0
PatrolOnly,12820,89,1.0000,41,9.1699,5.9516,100,0.9933,0.0000,0
PatrolOnly,12821,49,1.0000,33,7.7282,4.5222,100,0.9900,0.0000,0
PatrolOnly,12822,47,1.0000,53,9.7330,4.4662,100,0.9900,0.0000,0
PatrolOnly,12823,42,1.0000,39,8.3495,4.6236,100,0.9900,0.0000,0
PatrolOnly,12824,46,1.0000,38,7.1262,5.3709,100,0.9900,0.0000,0
PatrolOnly,12825,49,1.0000,38,9.5388,4.9338,100,0.9900,0.0000,0
PatrolOnly,12826,42,1.0000,44,9.6359,4.9053,100,0.9900,0.0000,0
PatrolOnly,12827,30,1.0000,27,7.9320,5.1876,100,0.9900,0.0000,0
PatrolOnly,12828,39,1.0000,28,7.1796,5.1742,100,0.9900,0.0000,0
PatrolOnly,12829,58,1.0000,29,8.4029,5.0953,100,0.9900,0.0000,0
PatrolOnly,12830,55,1.0000,32,9.3155,4.8217,100,0.9900,0.0000,0
PatrolOnly,12831,40,1.0000,32,8.6165,5.1881,100,0.9900,0.0000,0
PatrolOnly,12832,53,1.0000,34,9.1650,4.6893,100,0.9900,0.0000,0
PatrolOnly,12833,51,1.0000,36,9.0777,4.6225,100,0.9900,0.0000,0
PatrolOnly,12834,38,1.0000,40,8.2282,5.1022,100,0.9900,0.0000,0
PatrolOnly,12835,43,1.0000,66,9.2039,5.0313,100,0.9933,0.0000,0
PatrolOnly,12836,44,1.0000,41,10.9563,4.9546,100,0.9900,0.0000,0
PatrolOnly,12837,42,1.0000,34,10.1699,4.8625,100,0.9900,0.0000,0
PatrolOnly,12838,33,1.0000,32,8.6311,5.0854,100,0.9933,0.0000,0
PatrolOnly,12839,39,1.0000,28,8.0340,4.5982,100,0.9900,0.0000,0
PatrolOnly,12840,30,1.0000,33,9.1796,5.0688,100,0.9900,0.0000,0
PatrolOnly,12841,44,1.0000,37,7.6165,5.2143,100,0.9900,0.0000,0
PatrolOnly,12842,36,1.0000,46,10.7379,4.6317,100,0.9900,0.0000,0
PatrolOnly,12843,52,1.0000,50,9.4175,5.0313,100,0.9900,0.0000,0
PatrolOnly,12844,46,1.0000,58,9.3252,5.1571,100,0.9900,0.0000,0
